"Location","Treatment","TrapID","Longitude","Latitude","TransplantDate","TrapInstallDate","DispInstallDate","AssessmentNumber","SamplingDate","nYSB","DaysOfCatch","DATI","DADI","DAT"
"Loc9","Trt",201,111.602790990648,-7.23363413322164,"2023-08-06","2023-08-13","2023-08-13",1,"2023-08-23",4,10,10,10,17
"Loc9","Trt",201,111.602790990648,-7.23363413322164,"2023-08-06","2023-08-13","2023-08-13",2,"2023-09-03",6,11,21,21,28
"Loc9","Trt",201,111.602790990648,-7.23363413322164,"2023-08-06","2023-08-13","2023-08-13",3,"2023-09-12",6,9,30,30,37
"Loc9","Trt",201,111.602790990648,-7.23363413322164,"2023-08-06","2023-08-13","2023-08-13",4,"2023-09-23",24,11,41,41,48
"Loc9","Trt",201,111.602790990648,-7.23363413322164,"2023-08-06","2023-08-13","2023-08-13",5,"2023-10-02",43,9,50,50,57
"Loc9","Trt",201,111.602790990648,-7.23363413322164,"2023-08-06","2023-08-13","2023-08-13",6,"2023-10-12",6,10,60,60,67
"Loc9","Trt",201,111.602790990648,-7.23363413322164,"2023-08-06","2023-08-13","2023-08-13",7,"2023-10-22",6,10,70,70,77
"Loc9","Trt",201,111.602790990648,-7.23363413322164,"2023-08-06","2023-08-13","2023-08-13",8,"2023-10-31",3,9,79,79,86
"Loc9","Trt",202,111.601875990648,-7.23329013322164,"2023-08-06","2023-08-13","2023-08-13",1,"2023-08-23",10,10,10,10,17
"Loc9","Trt",202,111.601875990648,-7.23329013322164,"2023-08-06","2023-08-13","2023-08-13",2,"2023-09-03",16,11,21,21,28
"Loc9","Trt",202,111.601875990648,-7.23329013322164,"2023-08-06","2023-08-13","2023-08-13",3,"2023-09-12",4,9,30,30,37
"Loc9","Trt",202,111.601875990648,-7.23329013322164,"2023-08-06","2023-08-13","2023-08-13",4,"2023-09-23",19,11,41,41,48
"Loc9","Trt",202,111.601875990648,-7.23329013322164,"2023-08-06","2023-08-13","2023-08-13",5,"2023-10-02",51,9,50,50,57
"Loc9","Trt",202,111.601875990648,-7.23329013322164,"2023-08-06","2023-08-13","2023-08-13",6,"2023-10-12",14,10,60,60,67
"Loc9","Trt",202,111.601875990648,-7.23329013322164,"2023-08-06","2023-08-13","2023-08-13",7,"2023-10-22",5,10,70,70,77
"Loc9","Trt",202,111.601875990648,-7.23329013322164,"2023-08-06","2023-08-13","2023-08-13",8,"2023-10-31",4,9,79,79,86
"Loc9","Trt",203,111.601596990648,-7.23420813322164,"2023-08-06","2023-08-13","2023-08-13",1,"2023-08-23",2,10,10,10,17
"Loc9","Trt",203,111.601596990648,-7.23420813322164,"2023-08-06","2023-08-13","2023-08-13",2,"2023-09-03",2,11,21,21,28
"Loc9","Trt",203,111.601596990648,-7.23420813322164,"2023-08-06","2023-08-13","2023-08-13",3,"2023-09-12",9,9,30,30,37
"Loc9","Trt",203,111.601596990648,-7.23420813322164,"2023-08-06","2023-08-13","2023-08-13",4,"2023-09-23",20,11,41,41,48
"Loc9","Trt",203,111.601596990648,-7.23420813322164,"2023-08-06","2023-08-13","2023-08-13",5,"2023-10-02",64,9,50,50,57
"Loc9","Trt",203,111.601596990648,-7.23420813322164,"2023-08-06","2023-08-13","2023-08-13",6,"2023-10-12",3,10,60,60,67
"Loc9","Trt",203,111.601596990648,-7.23420813322164,"2023-08-06","2023-08-13","2023-08-13",7,"2023-10-22",6,10,70,70,77
"Loc9","Trt",203,111.601596990648,-7.23420813322164,"2023-08-06","2023-08-13","2023-08-13",8,"2023-10-31",3,9,79,79,86
"Loc9","Trt",204,111.602450990648,-7.23449113322164,"2023-08-06","2023-08-13","2023-08-13",1,"2023-08-23",7,10,10,10,17
"Loc9","Trt",204,111.602450990648,-7.23449113322164,"2023-08-06","2023-08-13","2023-08-13",2,"2023-09-03",5,11,21,21,28
"Loc9","Trt",204,111.602450990648,-7.23449113322164,"2023-08-06","2023-08-13","2023-08-13",3,"2023-09-12",5,9,30,30,37
"Loc9","Trt",204,111.602450990648,-7.23449113322164,"2023-08-06","2023-08-13","2023-08-13",4,"2023-09-23",20,11,41,41,48
"Loc9","Trt",204,111.602450990648,-7.23449113322164,"2023-08-06","2023-08-13","2023-08-13",5,"2023-10-02",25,9,50,50,57
"Loc9","Trt",204,111.602450990648,-7.23449113322164,"2023-08-06","2023-08-13","2023-08-13",6,"2023-10-12",2,10,60,60,67
"Loc9","Trt",204,111.602450990648,-7.23449113322164,"2023-08-06","2023-08-13","2023-08-13",7,"2023-10-22",3,10,70,70,77
"Loc9","Trt",204,111.602450990648,-7.23449113322164,"2023-08-06","2023-08-13","2023-08-13",8,"2023-10-31",40,9,79,79,86
"Loc9","Control",101,111.602220990648,-7.24248113322164,"2023-08-09","2023-08-15",NA,1,"2023-08-25",280,10,10,NA,16
"Loc9","Control",101,111.602220990648,-7.24248113322164,"2023-08-09","2023-08-15",NA,2,"2023-09-05",94,11,21,NA,27
"Loc9","Control",101,111.602220990648,-7.24248113322164,"2023-08-09","2023-08-15",NA,3,"2023-09-14",137,9,30,NA,36
"Loc9","Control",101,111.602220990648,-7.24248113322164,"2023-08-09","2023-08-15",NA,4,"2023-09-25",109,11,41,NA,47
"Loc9","Control",101,111.602220990648,-7.24248113322164,"2023-08-09","2023-08-15",NA,5,"2023-10-04",117,9,50,NA,56
"Loc9","Control",101,111.602220990648,-7.24248113322164,"2023-08-09","2023-08-15",NA,6,"2023-10-15",63,11,61,NA,67
"Loc9","Control",101,111.602220990648,-7.24248113322164,"2023-08-09","2023-08-15",NA,7,"2023-10-24",60,9,70,NA,76
"Loc9","Control",101,111.602220990648,-7.24248113322164,"2023-08-09","2023-08-15",NA,8,"2023-11-03",11,10,80,NA,86
"Loc9","Control",102,111.601314990648,-7.24241313322164,"2023-08-09","2023-08-15",NA,1,"2023-08-25",281,10,10,NA,16
"Loc9","Control",102,111.601314990648,-7.24241313322164,"2023-08-09","2023-08-15",NA,2,"2023-09-05",291,11,21,NA,27
"Loc9","Control",102,111.601314990648,-7.24241313322164,"2023-08-09","2023-08-15",NA,3,"2023-09-14",160,9,30,NA,36
"Loc9","Control",102,111.601314990648,-7.24241313322164,"2023-08-09","2023-08-15",NA,4,"2023-09-25",204,11,41,NA,47
"Loc9","Control",102,111.601314990648,-7.24241313322164,"2023-08-09","2023-08-15",NA,5,"2023-10-04",102,9,50,NA,56
"Loc9","Control",102,111.601314990648,-7.24241313322164,"2023-08-09","2023-08-15",NA,6,"2023-10-15",45,11,61,NA,67
"Loc9","Control",102,111.601314990648,-7.24241313322164,"2023-08-09","2023-08-15",NA,7,"2023-10-24",44,9,70,NA,76
"Loc9","Control",102,111.601314990648,-7.24241313322164,"2023-08-09","2023-08-15",NA,8,"2023-11-03",13,10,80,NA,86
"Loc9","Control",103,111.601222990648,-7.24325113322164,"2023-08-09","2023-08-15",NA,1,"2023-08-25",401,10,10,NA,16
"Loc9","Control",103,111.601222990648,-7.24325113322164,"2023-08-09","2023-08-15",NA,2,"2023-09-05",151,11,21,NA,27
"Loc9","Control",103,111.601222990648,-7.24325113322164,"2023-08-09","2023-08-15",NA,3,"2023-09-14",92,9,30,NA,36
"Loc9","Control",103,111.601222990648,-7.24325113322164,"2023-08-09","2023-08-15",NA,4,"2023-09-25",83,11,41,NA,47
"Loc9","Control",103,111.601222990648,-7.24325113322164,"2023-08-09","2023-08-15",NA,5,"2023-10-04",84,9,50,NA,56
"Loc9","Control",103,111.601222990648,-7.24325113322164,"2023-08-09","2023-08-15",NA,6,"2023-10-15",39,11,61,NA,67
"Loc9","Control",103,111.601222990648,-7.24325113322164,"2023-08-09","2023-08-15",NA,7,"2023-10-24",31,9,70,NA,76
"Loc9","Control",103,111.601222990648,-7.24325113322164,"2023-08-09","2023-08-15",NA,8,"2023-11-03",24,10,80,NA,86
"Loc9","Control",104,111.602068990648,-7.24331513322164,"2023-08-09","2023-08-15",NA,1,"2023-08-25",356,10,10,NA,16
"Loc9","Control",104,111.602068990648,-7.24331513322164,"2023-08-09","2023-08-15",NA,2,"2023-09-05",142,11,21,NA,27
"Loc9","Control",104,111.602068990648,-7.24331513322164,"2023-08-09","2023-08-15",NA,3,"2023-09-14",101,9,30,NA,36
"Loc9","Control",104,111.602068990648,-7.24331513322164,"2023-08-09","2023-08-15",NA,4,"2023-09-25",138,11,41,NA,47
"Loc9","Control",104,111.602068990648,-7.24331513322164,"2023-08-09","2023-08-15",NA,5,"2023-10-04",85,9,50,NA,56
"Loc9","Control",104,111.602068990648,-7.24331513322164,"2023-08-09","2023-08-15",NA,6,"2023-10-15",54,11,61,NA,67
"Loc9","Control",104,111.602068990648,-7.24331513322164,"2023-08-09","2023-08-15",NA,7,"2023-10-24",35,9,70,NA,76
"Loc9","Control",104,111.602068990648,-7.24331513322164,"2023-08-09","2023-08-15",NA,8,"2023-11-03",25,10,80,NA,86
"Loc10","Trt",201,111.616275792978,-7.13534449599639,"2023-09-09","2023-09-10","2023-09-10",1,"2023-09-20",45,10,10,10,11
"Loc10","Trt",201,111.616275792978,-7.13534449599639,"2023-09-09","2023-09-10","2023-09-10",2,"2023-09-30",24,10,20,20,21
"Loc10","Trt",201,111.616275792978,-7.13534449599639,"2023-09-09","2023-09-10","2023-09-10",3,"2023-10-10",2,10,30,30,31
"Loc10","Trt",201,111.616275792978,-7.13534449599639,"2023-09-09","2023-09-10","2023-09-10",4,"2023-10-20",1,10,40,40,41
"Loc10","Trt",201,111.616275792978,-7.13534449599639,"2023-09-09","2023-09-10","2023-09-10",5,"2023-10-30",19,10,50,50,51
"Loc10","Trt",201,111.616275792978,-7.13534449599639,"2023-09-09","2023-09-10","2023-09-10",6,"2023-11-10",14,11,61,61,62
"Loc10","Trt",201,111.616275792978,-7.13534449599639,"2023-09-09","2023-09-10","2023-09-10",7,"2023-11-19",5,9,70,70,71
"Loc10","Trt",202,111.615276792978,-7.13538849599639,"2023-09-09","2023-09-10","2023-09-10",1,"2023-09-20",9,10,10,10,11
"Loc10","Trt",202,111.615276792978,-7.13538849599639,"2023-09-09","2023-09-10","2023-09-10",2,"2023-09-30",4,10,20,20,21
"Loc10","Trt",202,111.615276792978,-7.13538849599639,"2023-09-09","2023-09-10","2023-09-10",3,"2023-10-10",9,10,30,30,31
"Loc10","Trt",202,111.615276792978,-7.13538849599639,"2023-09-09","2023-09-10","2023-09-10",4,"2023-10-20",3,10,40,40,41
"Loc10","Trt",202,111.615276792978,-7.13538849599639,"2023-09-09","2023-09-10","2023-09-10",5,"2023-10-30",11,10,50,50,51
"Loc10","Trt",202,111.615276792978,-7.13538849599639,"2023-09-09","2023-09-10","2023-09-10",6,"2023-11-10",26,11,61,61,62
"Loc10","Trt",202,111.615276792978,-7.13538849599639,"2023-09-09","2023-09-10","2023-09-10",7,"2023-11-19",11,9,70,70,71
"Loc10","Trt",203,111.615357792978,-7.13642349599639,"2023-09-09","2023-09-10","2023-09-10",1,"2023-09-20",1,10,10,10,11
"Loc10","Trt",203,111.615357792978,-7.13642349599639,"2023-09-09","2023-09-10","2023-09-10",2,"2023-09-30",5,10,20,20,21
"Loc10","Trt",203,111.615357792978,-7.13642349599639,"2023-09-09","2023-09-10","2023-09-10",3,"2023-10-10",4,10,30,30,31
"Loc10","Trt",203,111.615357792978,-7.13642349599639,"2023-09-09","2023-09-10","2023-09-10",4,"2023-10-20",3,10,40,40,41
"Loc10","Trt",203,111.615357792978,-7.13642349599639,"2023-09-09","2023-09-10","2023-09-10",5,"2023-10-30",9,10,50,50,51
"Loc10","Trt",203,111.615357792978,-7.13642349599639,"2023-09-09","2023-09-10","2023-09-10",6,"2023-11-10",13,11,61,61,62
"Loc10","Trt",203,111.615357792978,-7.13642349599639,"2023-09-09","2023-09-10","2023-09-10",7,"2023-11-19",8,9,70,70,71
"Loc10","Trt",204,111.616376792978,-7.13635549599639,"2023-09-09","2023-09-10","2023-09-10",1,"2023-09-20",8,10,10,10,11
"Loc10","Trt",204,111.616376792978,-7.13635549599639,"2023-09-09","2023-09-10","2023-09-10",2,"2023-09-30",19,10,20,20,21
"Loc10","Trt",204,111.616376792978,-7.13635549599639,"2023-09-09","2023-09-10","2023-09-10",3,"2023-10-10",6,10,30,30,31
"Loc10","Trt",204,111.616376792978,-7.13635549599639,"2023-09-09","2023-09-10","2023-09-10",4,"2023-10-20",2,10,40,40,41
"Loc10","Trt",204,111.616376792978,-7.13635549599639,"2023-09-09","2023-09-10","2023-09-10",5,"2023-10-30",4,10,50,50,51
"Loc10","Trt",204,111.616376792978,-7.13635549599639,"2023-09-09","2023-09-10","2023-09-10",6,"2023-11-10",31,11,61,61,62
"Loc10","Trt",204,111.616376792978,-7.13635549599639,"2023-09-09","2023-09-10","2023-09-10",7,"2023-11-19",18,9,70,70,71
"Loc10","Control",101,111.621265792978,-7.13535349599639,"2023-09-04","2023-09-08",NA,1,"2023-09-18",13,10,10,NA,14
"Loc10","Control",101,111.621265792978,-7.13535349599639,"2023-09-04","2023-09-08",NA,2,"2023-09-28",364,10,20,NA,24
"Loc10","Control",101,111.621265792978,-7.13535349599639,"2023-09-04","2023-09-08",NA,3,"2023-10-08",102,10,30,NA,34
"Loc10","Control",101,111.621265792978,-7.13535349599639,"2023-09-04","2023-09-08",NA,4,"2023-10-18",22,10,40,NA,44
"Loc10","Control",101,111.621265792978,-7.13535349599639,"2023-09-04","2023-09-08",NA,5,"2023-10-28",47,10,50,NA,54
"Loc10","Control",101,111.621265792978,-7.13535349599639,"2023-09-04","2023-09-08",NA,6,"2023-11-08",48,11,61,NA,65
"Loc10","Control",101,111.621265792978,-7.13535349599639,"2023-09-04","2023-09-08",NA,7,"2023-11-17",74,9,70,NA,74
"Loc10","Control",102,111.620317792978,-7.13534149599639,"2023-09-04","2023-09-08",NA,1,"2023-09-18",292,10,10,NA,14
"Loc10","Control",102,111.620317792978,-7.13534149599639,"2023-09-04","2023-09-08",NA,2,"2023-09-28",429,10,20,NA,24
"Loc10","Control",102,111.620317792978,-7.13534149599639,"2023-09-04","2023-09-08",NA,3,"2023-10-08",95,10,30,NA,34
"Loc10","Control",102,111.620317792978,-7.13534149599639,"2023-09-04","2023-09-08",NA,4,"2023-10-18",23,10,40,NA,44
"Loc10","Control",102,111.620317792978,-7.13534149599639,"2023-09-04","2023-09-08",NA,5,"2023-10-28",55,10,50,NA,54
"Loc10","Control",102,111.620317792978,-7.13534149599639,"2023-09-04","2023-09-08",NA,6,"2023-11-08",84,11,61,NA,65
"Loc10","Control",102,111.620317792978,-7.13534149599639,"2023-09-04","2023-09-08",NA,7,"2023-11-17",57,9,70,NA,74
"Loc10","Control",103,111.621352792978,-7.13621249599639,"2023-09-04","2023-09-08",NA,1,"2023-09-18",272,10,10,NA,14
"Loc10","Control",103,111.621352792978,-7.13621249599639,"2023-09-04","2023-09-08",NA,2,"2023-09-28",323,10,20,NA,24
"Loc10","Control",103,111.621352792978,-7.13621249599639,"2023-09-04","2023-09-08",NA,3,"2023-10-08",67,10,30,NA,34
"Loc10","Control",103,111.621352792978,-7.13621249599639,"2023-09-04","2023-09-08",NA,4,"2023-10-18",12,10,40,NA,44
"Loc10","Control",103,111.621352792978,-7.13621249599639,"2023-09-04","2023-09-08",NA,5,"2023-10-28",8,10,50,NA,54
"Loc10","Control",103,111.621352792978,-7.13621249599639,"2023-09-04","2023-09-08",NA,6,"2023-11-08",64,11,61,NA,65
"Loc10","Control",103,111.621352792978,-7.13621249599639,"2023-09-04","2023-09-08",NA,7,"2023-11-17",32,9,70,NA,74
"Loc10","Control",104,111.620353792978,-7.13627949599639,"2023-09-04","2023-09-08",NA,1,"2023-09-18",134,10,10,NA,14
"Loc10","Control",104,111.620353792978,-7.13627949599639,"2023-09-04","2023-09-08",NA,2,"2023-09-28",228,10,20,NA,24
"Loc10","Control",104,111.620353792978,-7.13627949599639,"2023-09-04","2023-09-08",NA,3,"2023-10-08",78,10,30,NA,34
"Loc10","Control",104,111.620353792978,-7.13627949599639,"2023-09-04","2023-09-08",NA,4,"2023-10-18",18,10,40,NA,44
"Loc10","Control",104,111.620353792978,-7.13627949599639,"2023-09-04","2023-09-08",NA,5,"2023-10-28",31,10,50,NA,54
"Loc10","Control",104,111.620353792978,-7.13627949599639,"2023-09-04","2023-09-08",NA,6,"2023-11-08",52,11,61,NA,65
"Loc10","Control",104,111.620353792978,-7.13627949599639,"2023-09-04","2023-09-08",NA,7,"2023-11-17",41,9,70,NA,74
"Loc7","Trt",201,111.004190435157,-7.42176747192043,"2023-08-12","2023-08-17","2023-08-16",1,"2023-08-26",0,9,9,10,14
"Loc7","Trt",201,111.004190435157,-7.42176747192043,"2023-08-12","2023-08-17","2023-08-16",2,"2023-09-05",7,10,19,20,24
"Loc7","Trt",201,111.004190435157,-7.42176747192043,"2023-08-12","2023-08-17","2023-08-16",3,"2023-09-15",13,10,29,30,34
"Loc7","Trt",201,111.004190435157,-7.42176747192043,"2023-08-12","2023-08-17","2023-08-16",4,"2023-09-25",1,10,39,40,44
"Loc7","Trt",201,111.004190435157,-7.42176747192043,"2023-08-12","2023-08-17","2023-08-16",5,"2023-10-06",2,11,50,51,55
"Loc7","Trt",201,111.004190435157,-7.42176747192043,"2023-08-12","2023-08-17","2023-08-16",6,"2023-10-15",3,9,59,60,64
"Loc7","Trt",201,111.004190435157,-7.42176747192043,"2023-08-12","2023-08-17","2023-08-16",7,"2023-10-25",7,10,69,70,74
"Loc7","Trt",201,111.004190435157,-7.42176747192043,"2023-08-12","2023-08-17","2023-08-16",8,"2023-11-04",5,10,79,80,84
"Loc7","Trt",201,111.004190435157,-7.42176747192043,"2023-08-12","2023-08-17","2023-08-16",9,"2023-11-14",0,10,89,90,94
"Loc7","Trt",201,111.004190435157,-7.42176747192043,"2023-08-12","2023-08-17","2023-08-16",10,"2023-11-24",11,10,99,100,104
"Loc7","Trt",202,111.004854435157,-7.42113647192043,"2023-08-12","2023-08-17","2023-08-16",1,"2023-08-26",0,9,9,10,14
"Loc7","Trt",202,111.004854435157,-7.42113647192043,"2023-08-12","2023-08-17","2023-08-16",2,"2023-09-05",1,10,19,20,24
"Loc7","Trt",202,111.004854435157,-7.42113647192043,"2023-08-12","2023-08-17","2023-08-16",3,"2023-09-15",10,10,29,30,34
"Loc7","Trt",202,111.004854435157,-7.42113647192043,"2023-08-12","2023-08-17","2023-08-16",4,"2023-09-25",4,10,39,40,44
"Loc7","Trt",202,111.004854435157,-7.42113647192043,"2023-08-12","2023-08-17","2023-08-16",5,"2023-10-06",2,11,50,51,55
"Loc7","Trt",202,111.004854435157,-7.42113647192043,"2023-08-12","2023-08-17","2023-08-16",6,"2023-10-15",9,9,59,60,64
"Loc7","Trt",202,111.004854435157,-7.42113647192043,"2023-08-12","2023-08-17","2023-08-16",7,"2023-10-25",6,10,69,70,74
"Loc7","Trt",202,111.004854435157,-7.42113647192043,"2023-08-12","2023-08-17","2023-08-16",8,"2023-11-04",4,10,79,80,84
"Loc7","Trt",202,111.004854435157,-7.42113647192043,"2023-08-12","2023-08-17","2023-08-16",9,"2023-11-14",0,10,89,90,94
"Loc7","Trt",202,111.004854435157,-7.42113647192043,"2023-08-12","2023-08-17","2023-08-16",10,"2023-11-24",6,10,99,100,104
"Loc7","Trt",203,111.004074435157,-7.42052847192043,"2023-08-12","2023-08-17","2023-08-16",1,"2023-08-26",1,9,9,10,14
"Loc7","Trt",203,111.004074435157,-7.42052847192043,"2023-08-12","2023-08-17","2023-08-16",2,"2023-09-05",2,10,19,20,24
"Loc7","Trt",203,111.004074435157,-7.42052847192043,"2023-08-12","2023-08-17","2023-08-16",3,"2023-09-15",5,10,29,30,34
"Loc7","Trt",203,111.004074435157,-7.42052847192043,"2023-08-12","2023-08-17","2023-08-16",4,"2023-09-25",1,10,39,40,44
"Loc7","Trt",203,111.004074435157,-7.42052847192043,"2023-08-12","2023-08-17","2023-08-16",5,"2023-10-06",2,11,50,51,55
"Loc7","Trt",203,111.004074435157,-7.42052847192043,"2023-08-12","2023-08-17","2023-08-16",6,"2023-10-15",1,9,59,60,64
"Loc7","Trt",203,111.004074435157,-7.42052847192043,"2023-08-12","2023-08-17","2023-08-16",7,"2023-10-25",14,10,69,70,74
"Loc7","Trt",203,111.004074435157,-7.42052847192043,"2023-08-12","2023-08-17","2023-08-16",8,"2023-11-04",5,10,79,80,84
"Loc7","Trt",203,111.004074435157,-7.42052847192043,"2023-08-12","2023-08-17","2023-08-16",9,"2023-11-14",2,10,89,90,94
"Loc7","Trt",203,111.004074435157,-7.42052847192043,"2023-08-12","2023-08-17","2023-08-16",10,"2023-11-24",3,10,99,100,104
"Loc7","Trt",204,111.003413435157,-7.42118447192043,"2023-08-12","2023-08-17","2023-08-16",1,"2023-08-26",0,9,9,10,14
"Loc7","Trt",204,111.003413435157,-7.42118447192043,"2023-08-12","2023-08-17","2023-08-16",2,"2023-09-05",12,10,19,20,24
"Loc7","Trt",204,111.003413435157,-7.42118447192043,"2023-08-12","2023-08-17","2023-08-16",3,"2023-09-15",46,10,29,30,34
"Loc7","Trt",204,111.003413435157,-7.42118447192043,"2023-08-12","2023-08-17","2023-08-16",4,"2023-09-25",5,10,39,40,44
"Loc7","Trt",204,111.003413435157,-7.42118447192043,"2023-08-12","2023-08-17","2023-08-16",5,"2023-10-06",1,11,50,51,55
"Loc7","Trt",204,111.003413435157,-7.42118447192043,"2023-08-12","2023-08-17","2023-08-16",6,"2023-10-15",2,9,59,60,64
"Loc7","Trt",204,111.003413435157,-7.42118447192043,"2023-08-12","2023-08-17","2023-08-16",7,"2023-10-25",6,10,69,70,74
"Loc7","Trt",204,111.003413435157,-7.42118447192043,"2023-08-12","2023-08-17","2023-08-16",8,"2023-11-04",0,10,79,80,84
"Loc7","Trt",204,111.003413435157,-7.42118447192043,"2023-08-12","2023-08-17","2023-08-16",9,"2023-11-14",3,10,89,90,94
"Loc7","Trt",204,111.003413435157,-7.42118447192043,"2023-08-12","2023-08-17","2023-08-16",10,"2023-11-24",20,10,99,100,104
"Loc7","Control",101,110.997221435157,-7.42177847192043,"2023-08-12","2023-08-17","2023-08-15",1,"2023-08-25",40,8,8,10,13
"Loc7","Control",101,110.997221435157,-7.42177847192043,"2023-08-12","2023-08-17","2023-08-15",2,"2023-09-04",287,10,18,20,23
"Loc7","Control",101,110.997221435157,-7.42177847192043,"2023-08-12","2023-08-17","2023-08-15",3,"2023-09-14",84,10,28,30,33
"Loc7","Control",101,110.997221435157,-7.42177847192043,"2023-08-12","2023-08-17","2023-08-15",4,"2023-09-24",37,10,38,40,43
"Loc7","Control",101,110.997221435157,-7.42177847192043,"2023-08-12","2023-08-17","2023-08-15",5,"2023-10-05",9,11,49,51,54
"Loc7","Control",101,110.997221435157,-7.42177847192043,"2023-08-12","2023-08-17","2023-08-15",6,"2023-10-14",15,9,58,60,63
"Loc7","Control",101,110.997221435157,-7.42177847192043,"2023-08-12","2023-08-17","2023-08-15",7,"2023-10-24",11,10,68,70,73
"Loc7","Control",101,110.997221435157,-7.42177847192043,"2023-08-12","2023-08-17","2023-08-15",8,"2023-11-04",23,11,79,81,84
"Loc7","Control",101,110.997221435157,-7.42177847192043,"2023-08-12","2023-08-17","2023-08-15",9,"2023-11-14",6,10,89,91,94
"Loc7","Control",101,110.997221435157,-7.42177847192043,"2023-08-12","2023-08-17","2023-08-15",10,"2023-11-24",18,10,99,101,104
"Loc7","Control",102,110.998138435157,-7.42163447192043,"2023-08-12","2023-08-17","2023-08-15",1,"2023-08-25",56,8,8,10,13
"Loc7","Control",102,110.998138435157,-7.42163447192043,"2023-08-12","2023-08-17","2023-08-15",2,"2023-09-04",173,10,18,20,23
"Loc7","Control",102,110.998138435157,-7.42163447192043,"2023-08-12","2023-08-17","2023-08-15",3,"2023-09-14",99,10,28,30,33
"Loc7","Control",102,110.998138435157,-7.42163447192043,"2023-08-12","2023-08-17","2023-08-15",4,"2023-09-24",49,10,38,40,43
"Loc7","Control",102,110.998138435157,-7.42163447192043,"2023-08-12","2023-08-17","2023-08-15",5,"2023-10-05",6,11,49,51,54
"Loc7","Control",102,110.998138435157,-7.42163447192043,"2023-08-12","2023-08-17","2023-08-15",6,"2023-10-14",28,9,58,60,63
"Loc7","Control",102,110.998138435157,-7.42163447192043,"2023-08-12","2023-08-17","2023-08-15",7,"2023-10-24",48,10,68,70,73
"Loc7","Control",102,110.998138435157,-7.42163447192043,"2023-08-12","2023-08-17","2023-08-15",8,"2023-11-04",21,11,79,81,84
"Loc7","Control",102,110.998138435157,-7.42163447192043,"2023-08-12","2023-08-17","2023-08-15",9,"2023-11-14",14,10,89,91,94
"Loc7","Control",102,110.998138435157,-7.42163447192043,"2023-08-12","2023-08-17","2023-08-15",10,"2023-11-24",19,10,99,101,104
"Loc7","Control",103,110.997988435157,-7.42073147192043,"2023-08-12","2023-08-17","2023-08-15",1,"2023-08-25",58,8,8,10,13
"Loc7","Control",103,110.997988435157,-7.42073147192043,"2023-08-12","2023-08-17","2023-08-15",2,"2023-09-04",309,10,18,20,23
"Loc7","Control",103,110.997988435157,-7.42073147192043,"2023-08-12","2023-08-17","2023-08-15",3,"2023-09-14",98,10,28,30,33
"Loc7","Control",103,110.997988435157,-7.42073147192043,"2023-08-12","2023-08-17","2023-08-15",4,"2023-09-24",62,10,38,40,43
"Loc7","Control",103,110.997988435157,-7.42073147192043,"2023-08-12","2023-08-17","2023-08-15",5,"2023-10-05",7,11,49,51,54
"Loc7","Control",103,110.997988435157,-7.42073147192043,"2023-08-12","2023-08-17","2023-08-15",6,"2023-10-14",19,9,58,60,63
"Loc7","Control",103,110.997988435157,-7.42073147192043,"2023-08-12","2023-08-17","2023-08-15",7,"2023-10-24",29,10,68,70,73
"Loc7","Control",103,110.997988435157,-7.42073147192043,"2023-08-12","2023-08-17","2023-08-15",8,"2023-11-04",38,11,79,81,84
"Loc7","Control",103,110.997988435157,-7.42073147192043,"2023-08-12","2023-08-17","2023-08-15",9,"2023-11-14",12,10,89,91,94
"Loc7","Control",103,110.997988435157,-7.42073147192043,"2023-08-12","2023-08-17","2023-08-15",10,"2023-11-24",22,10,99,101,104
"Loc7","Control",104,110.997038435157,-7.42096447192043,"2023-08-12","2023-08-17","2023-08-15",1,"2023-08-25",47,8,8,10,13
"Loc7","Control",104,110.997038435157,-7.42096447192043,"2023-08-12","2023-08-17","2023-08-15",2,"2023-09-04",194,10,18,20,23
"Loc7","Control",104,110.997038435157,-7.42096447192043,"2023-08-12","2023-08-17","2023-08-15",3,"2023-09-14",161,10,28,30,33
"Loc7","Control",104,110.997038435157,-7.42096447192043,"2023-08-12","2023-08-17","2023-08-15",4,"2023-09-24",57,10,38,40,43
"Loc7","Control",104,110.997038435157,-7.42096447192043,"2023-08-12","2023-08-17","2023-08-15",5,"2023-10-06",9,12,50,52,55
"Loc7","Control",104,110.997038435157,-7.42096447192043,"2023-08-12","2023-08-17","2023-08-15",6,"2023-10-14",9,8,58,60,63
"Loc7","Control",104,110.997038435157,-7.42096447192043,"2023-08-12","2023-08-17","2023-08-15",7,"2023-10-24",31,10,68,70,73
"Loc7","Control",104,110.997038435157,-7.42096447192043,"2023-08-12","2023-08-17","2023-08-15",8,"2023-11-04",13,11,79,81,84
"Loc7","Control",104,110.997038435157,-7.42096447192043,"2023-08-12","2023-08-17","2023-08-15",9,"2023-11-14",9,10,89,91,94
"Loc7","Control",104,110.997038435157,-7.42096447192043,"2023-08-12","2023-08-17","2023-08-15",10,"2023-11-24",7,10,99,101,104
"Loc2","Trt",201,107.164695417744,-6.18564415449607,"2023-08-10","2023-08-11","2023-08-11",1,"2023-08-21",1,10,10,10,11
"Loc2","Trt",201,107.164695417744,-6.18564415449607,"2023-08-10","2023-08-11","2023-08-11",2,"2023-08-31",2,10,20,20,21
"Loc2","Trt",201,107.164695417744,-6.18564415449607,"2023-08-10","2023-08-11","2023-08-11",3,"2023-09-10",2,10,30,30,31
"Loc2","Trt",201,107.164695417744,-6.18564415449607,"2023-08-10","2023-08-11","2023-08-11",4,"2023-09-20",2,10,40,40,41
"Loc2","Trt",201,107.164695417744,-6.18564415449607,"2023-08-10","2023-08-11","2023-08-11",5,"2023-09-30",9,10,50,50,51
"Loc2","Trt",201,107.164695417744,-6.18564415449607,"2023-08-10","2023-08-11","2023-08-11",6,"2023-10-10",1,10,60,60,61
"Loc2","Trt",201,107.164695417744,-6.18564415449607,"2023-08-10","2023-08-11","2023-08-11",7,"2023-10-20",2,10,70,70,71
"Loc2","Trt",201,107.164695417744,-6.18564415449607,"2023-08-10","2023-08-11","2023-08-11",8,"2023-10-30",15,10,80,80,81
"Loc2","Trt",202,107.165389417744,-6.18570215449607,"2023-08-10","2023-08-11","2023-08-11",1,"2023-08-21",0,10,10,10,11
"Loc2","Trt",202,107.165389417744,-6.18570215449607,"2023-08-10","2023-08-11","2023-08-11",2,"2023-08-31",0,10,20,20,21
"Loc2","Trt",202,107.165389417744,-6.18570215449607,"2023-08-10","2023-08-11","2023-08-11",3,"2023-09-10",0,10,30,30,31
"Loc2","Trt",202,107.165389417744,-6.18570215449607,"2023-08-10","2023-08-11","2023-08-11",4,"2023-09-20",0,10,40,40,41
"Loc2","Trt",202,107.165389417744,-6.18570215449607,"2023-08-10","2023-08-11","2023-08-11",5,"2023-09-30",9,10,50,50,51
"Loc2","Trt",202,107.165389417744,-6.18570215449607,"2023-08-10","2023-08-11","2023-08-11",6,"2023-10-10",1,10,60,60,61
"Loc2","Trt",202,107.165389417744,-6.18570215449607,"2023-08-10","2023-08-11","2023-08-11",7,"2023-10-20",1,10,70,70,71
"Loc2","Trt",202,107.165389417744,-6.18570215449607,"2023-08-10","2023-08-11","2023-08-11",8,"2023-10-30",6,10,80,80,81
"Loc2","Trt",203,107.165283417744,-6.18642315449607,"2023-08-10","2023-08-11","2023-08-11",1,"2023-08-21",1,10,10,10,11
"Loc2","Trt",203,107.165283417744,-6.18642315449607,"2023-08-10","2023-08-11","2023-08-11",2,"2023-08-31",2,10,20,20,21
"Loc2","Trt",203,107.165283417744,-6.18642315449607,"2023-08-10","2023-08-11","2023-08-11",3,"2023-09-10",0,10,30,30,31
"Loc2","Trt",203,107.165283417744,-6.18642315449607,"2023-08-10","2023-08-11","2023-08-11",4,"2023-09-20",1,10,40,40,41
"Loc2","Trt",203,107.165283417744,-6.18642315449607,"2023-08-10","2023-08-11","2023-08-11",5,"2023-09-30",1,10,50,50,51
"Loc2","Trt",203,107.165283417744,-6.18642315449607,"2023-08-10","2023-08-11","2023-08-11",6,"2023-10-10",0,10,60,60,61
"Loc2","Trt",203,107.165283417744,-6.18642315449607,"2023-08-10","2023-08-11","2023-08-11",7,"2023-10-20",1,10,70,70,71
"Loc2","Trt",203,107.165283417744,-6.18642315449607,"2023-08-10","2023-08-11","2023-08-11",8,"2023-10-30",6,10,80,80,81
"Loc2","Trt",204,107.164598417744,-6.18634715449607,"2023-08-10","2023-08-11","2023-08-11",1,"2023-08-21",0,10,10,10,11
"Loc2","Trt",204,107.164598417744,-6.18634715449607,"2023-08-10","2023-08-11","2023-08-11",2,"2023-08-31",1,10,20,20,21
"Loc2","Trt",204,107.164598417744,-6.18634715449607,"2023-08-10","2023-08-11","2023-08-11",3,"2023-09-10",0,10,30,30,31
"Loc2","Trt",204,107.164598417744,-6.18634715449607,"2023-08-10","2023-08-11","2023-08-11",4,"2023-09-20",2,10,40,40,41
"Loc2","Trt",204,107.164598417744,-6.18634715449607,"2023-08-10","2023-08-11","2023-08-11",5,"2023-09-30",8,10,50,50,51
"Loc2","Trt",204,107.164598417744,-6.18634715449607,"2023-08-10","2023-08-11","2023-08-11",6,"2023-10-10",2,10,60,60,61
"Loc2","Trt",204,107.164598417744,-6.18634715449607,"2023-08-10","2023-08-11","2023-08-11",7,"2023-10-20",2,10,70,70,71
"Loc2","Trt",204,107.164598417744,-6.18634715449607,"2023-08-10","2023-08-11","2023-08-11",8,"2023-10-30",3,10,80,80,81
"Loc2","Control",101,107.169451417744,-6.17867115449607,"2023-08-10","2023-08-11","2023-08-11",1,"2023-08-21",26,10,10,10,11
"Loc2","Control",101,107.169451417744,-6.17867115449607,"2023-08-10","2023-08-11","2023-08-11",2,"2023-08-31",15,10,20,20,21
"Loc2","Control",101,107.169451417744,-6.17867115449607,"2023-08-10","2023-08-11","2023-08-11",3,"2023-09-10",151,10,30,30,31
"Loc2","Control",101,107.169451417744,-6.17867115449607,"2023-08-10","2023-08-11","2023-08-11",4,"2023-09-20",74,10,40,40,41
"Loc2","Control",101,107.169451417744,-6.17867115449607,"2023-08-10","2023-08-11","2023-08-11",5,"2023-09-30",97,10,50,50,51
"Loc2","Control",101,107.169451417744,-6.17867115449607,"2023-08-10","2023-08-11","2023-08-11",6,"2023-10-10",132,10,60,60,61
"Loc2","Control",101,107.169451417744,-6.17867115449607,"2023-08-10","2023-08-11","2023-08-11",7,"2023-10-20",32,10,70,70,71
"Loc2","Control",101,107.169451417744,-6.17867115449607,"2023-08-10","2023-08-11","2023-08-11",8,"2023-10-30",43,10,80,80,81
"Loc2","Control",102,107.170386417744,-6.17889715449607,"2023-08-10","2023-08-11","2023-08-11",1,"2023-08-21",54,10,10,10,11
"Loc2","Control",102,107.170386417744,-6.17889715449607,"2023-08-10","2023-08-11","2023-08-11",2,"2023-08-31",14,10,20,20,21
"Loc2","Control",102,107.170386417744,-6.17889715449607,"2023-08-10","2023-08-11","2023-08-11",3,"2023-09-10",85,10,30,30,31
"Loc2","Control",102,107.170386417744,-6.17889715449607,"2023-08-10","2023-08-11","2023-08-11",4,"2023-09-20",99,10,40,40,41
"Loc2","Control",102,107.170386417744,-6.17889715449607,"2023-08-10","2023-08-11","2023-08-11",5,"2023-09-30",89,10,50,50,51
"Loc2","Control",102,107.170386417744,-6.17889715449607,"2023-08-10","2023-08-11","2023-08-11",6,"2023-10-10",69,10,60,60,61
"Loc2","Control",102,107.170386417744,-6.17889715449607,"2023-08-10","2023-08-11","2023-08-11",7,"2023-10-20",26,10,70,70,71
"Loc2","Control",102,107.170386417744,-6.17889715449607,"2023-08-10","2023-08-11","2023-08-11",8,"2023-10-30",38,10,80,80,81
"Loc2","Control",103,107.170153417744,-6.17981415449607,"2023-08-10","2023-08-11","2023-08-11",1,"2023-08-21",28,10,10,10,11
"Loc2","Control",103,107.170153417744,-6.17981415449607,"2023-08-10","2023-08-11","2023-08-11",2,"2023-08-31",10,10,20,20,21
"Loc2","Control",103,107.170153417744,-6.17981415449607,"2023-08-10","2023-08-11","2023-08-11",3,"2023-09-10",118,10,30,30,31
"Loc2","Control",103,107.170153417744,-6.17981415449607,"2023-08-10","2023-08-11","2023-08-11",4,"2023-09-20",90,10,40,40,41
"Loc2","Control",103,107.170153417744,-6.17981415449607,"2023-08-10","2023-08-11","2023-08-11",5,"2023-09-30",112,10,50,50,51
"Loc2","Control",103,107.170153417744,-6.17981415449607,"2023-08-10","2023-08-11","2023-08-11",6,"2023-10-10",108,10,60,60,61
"Loc2","Control",103,107.170153417744,-6.17981415449607,"2023-08-10","2023-08-11","2023-08-11",7,"2023-10-20",25,10,70,70,71
"Loc2","Control",103,107.170153417744,-6.17981415449607,"2023-08-10","2023-08-11","2023-08-11",8,"2023-10-30",33,10,80,80,81
"Loc2","Control",104,107.169288417744,-6.17965015449607,"2023-08-10","2023-08-11","2023-08-11",1,"2023-08-21",24,10,10,10,11
"Loc2","Control",104,107.169288417744,-6.17965015449607,"2023-08-10","2023-08-11","2023-08-11",2,"2023-08-31",22,10,20,20,21
"Loc2","Control",104,107.169288417744,-6.17965015449607,"2023-08-10","2023-08-11","2023-08-11",3,"2023-09-10",113,10,30,30,31
"Loc2","Control",104,107.169288417744,-6.17965015449607,"2023-08-10","2023-08-11","2023-08-11",4,"2023-09-20",91,10,40,40,41
"Loc2","Control",104,107.169288417744,-6.17965015449607,"2023-08-10","2023-08-11","2023-08-11",5,"2023-09-30",91,10,50,50,51
"Loc2","Control",104,107.169288417744,-6.17965015449607,"2023-08-10","2023-08-11","2023-08-11",6,"2023-10-10",105,10,60,60,61
"Loc2","Control",104,107.169288417744,-6.17965015449607,"2023-08-10","2023-08-11","2023-08-11",7,"2023-10-20",30,10,70,70,71
"Loc2","Control",104,107.169288417744,-6.17965015449607,"2023-08-10","2023-08-11","2023-08-11",8,"2023-10-30",31,10,80,80,81
"Loc1","Trt",201,107.385397160511,-6.18089581689712,"2023-09-04","2023-09-05","2023-09-05",1,"2023-09-15",1,10,10,10,11
"Loc1","Trt",201,107.385397160511,-6.18089581689712,"2023-09-04","2023-09-05","2023-09-05",2,"2023-09-25",1,10,20,20,21
"Loc1","Trt",201,107.385397160511,-6.18089581689712,"2023-09-04","2023-09-05","2023-09-05",3,"2023-10-05",0,10,30,30,31
"Loc1","Trt",201,107.385397160511,-6.18089581689712,"2023-09-04","2023-09-05","2023-09-05",4,"2023-10-15",0,10,40,40,41
"Loc1","Trt",201,107.385397160511,-6.18089581689712,"2023-09-04","2023-09-05","2023-09-05",5,"2023-10-25",19,10,50,50,51
"Loc1","Trt",201,107.385397160511,-6.18089581689712,"2023-09-04","2023-09-05","2023-09-05",6,"2023-11-04",20,10,60,60,61
"Loc1","Trt",201,107.385397160511,-6.18089581689712,"2023-09-04","2023-09-05","2023-09-05",7,"2023-11-14",5,10,70,70,71
"Loc1","Trt",201,107.385397160511,-6.18089581689712,"2023-09-04","2023-09-05","2023-09-05",8,"2023-11-24",13,10,80,80,81
"Loc1","Trt",202,107.385603160511,-6.17992281689712,"2023-09-03","2023-09-05","2023-09-05",1,"2023-09-15",1,10,10,10,12
"Loc1","Trt",202,107.385603160511,-6.17992281689712,"2023-09-03","2023-09-05","2023-09-05",2,"2023-09-25",2,10,20,20,22
"Loc1","Trt",202,107.385603160511,-6.17992281689712,"2023-09-03","2023-09-05","2023-09-05",3,"2023-10-05",3,10,30,30,32
"Loc1","Trt",202,107.385603160511,-6.17992281689712,"2023-09-03","2023-09-05","2023-09-05",4,"2023-10-15",1,10,40,40,42
"Loc1","Trt",202,107.385603160511,-6.17992281689712,"2023-09-03","2023-09-05","2023-09-05",5,"2023-10-25",9,10,50,50,52
"Loc1","Trt",202,107.385603160511,-6.17992281689712,"2023-09-03","2023-09-05","2023-09-05",6,"2023-11-04",8,10,60,60,62
"Loc1","Trt",202,107.385603160511,-6.17992281689712,"2023-09-03","2023-09-05","2023-09-05",7,"2023-11-14",14,10,70,70,72
"Loc1","Trt",202,107.385603160511,-6.17992281689712,"2023-09-03","2023-09-05","2023-09-05",8,"2023-11-24",6,10,80,80,82
"Loc1","Trt",203,107.386614160511,-6.18025381689712,"2023-09-03","2023-09-05","2023-09-05",1,"2023-09-15",1,10,10,10,12
"Loc1","Trt",203,107.386614160511,-6.18025381689712,"2023-09-03","2023-09-05","2023-09-05",2,"2023-09-25",6,10,20,20,22
"Loc1","Trt",203,107.386614160511,-6.18025381689712,"2023-09-03","2023-09-05","2023-09-05",3,"2023-10-05",1,10,30,30,32
"Loc1","Trt",203,107.386614160511,-6.18025381689712,"2023-09-03","2023-09-05","2023-09-05",4,"2023-10-15",1,10,40,40,42
"Loc1","Trt",203,107.386614160511,-6.18025381689712,"2023-09-03","2023-09-05","2023-09-05",5,"2023-10-25",2,10,50,50,52
"Loc1","Trt",203,107.386614160511,-6.18025381689712,"2023-09-03","2023-09-05","2023-09-05",6,"2023-11-04",13,10,60,60,62
"Loc1","Trt",203,107.386614160511,-6.18025381689712,"2023-09-03","2023-09-05","2023-09-05",7,"2023-11-14",7,10,70,70,72
"Loc1","Trt",203,107.386614160511,-6.18025381689712,"2023-09-03","2023-09-05","2023-09-05",8,"2023-11-24",4,10,80,80,82
"Loc1","Trt",204,107.386382160511,-6.18117081689712,"2023-09-04","2023-09-05","2023-09-05",1,"2023-09-15",2,10,10,10,11
"Loc1","Trt",204,107.386382160511,-6.18117081689712,"2023-09-04","2023-09-05","2023-09-05",2,"2023-09-25",2,10,20,20,21
"Loc1","Trt",204,107.386382160511,-6.18117081689712,"2023-09-04","2023-09-05","2023-09-05",3,"2023-10-05",2,10,30,30,31
"Loc1","Trt",204,107.386382160511,-6.18117081689712,"2023-09-04","2023-09-05","2023-09-05",4,"2023-10-15",1,10,40,40,41
"Loc1","Trt",204,107.386382160511,-6.18117081689712,"2023-09-04","2023-09-05","2023-09-05",5,"2023-10-25",9,10,50,50,51
"Loc1","Trt",204,107.386382160511,-6.18117081689712,"2023-09-04","2023-09-05","2023-09-05",6,"2023-11-04",13,10,60,60,61
"Loc1","Trt",204,107.386382160511,-6.18117081689712,"2023-09-04","2023-09-05","2023-09-05",7,"2023-11-14",13,10,70,70,71
"Loc1","Trt",204,107.386382160511,-6.18117081689712,"2023-09-04","2023-09-05","2023-09-05",8,"2023-11-24",4,10,80,80,81
"Loc1","Control",101,107.388934160511,-6.18197981689712,"2023-09-02","2023-09-05","2023-09-05",1,"2023-09-15",34,10,10,10,13
"Loc1","Control",101,107.388934160511,-6.18197981689712,"2023-09-02","2023-09-05","2023-09-05",2,"2023-09-25",7,10,20,20,23
"Loc1","Control",101,107.388934160511,-6.18197981689712,"2023-09-02","2023-09-05","2023-09-05",3,"2023-10-05",30,10,30,30,33
"Loc1","Control",101,107.388934160511,-6.18197981689712,"2023-09-02","2023-09-05","2023-09-05",4,"2023-10-15",9,10,40,40,43
"Loc1","Control",101,107.388934160511,-6.18197981689712,"2023-09-02","2023-09-05","2023-09-05",5,"2023-10-25",6,10,50,50,53
"Loc1","Control",101,107.388934160511,-6.18197981689712,"2023-09-02","2023-09-05","2023-09-05",6,"2023-11-04",87,10,60,60,63
"Loc1","Control",101,107.388934160511,-6.18197981689712,"2023-09-02","2023-09-05","2023-09-05",7,"2023-11-14",77,10,70,70,73
"Loc1","Control",101,107.388934160511,-6.18197981689712,"2023-09-02","2023-09-05","2023-09-05",8,"2023-11-24",3,10,80,80,83
"Loc1","Control",102,107.389160160511,-6.18110981689712,"2023-09-03","2023-09-05","2023-09-05",1,"2023-09-15",33,10,10,10,12
"Loc1","Control",102,107.389160160511,-6.18110981689712,"2023-09-03","2023-09-05","2023-09-05",2,"2023-09-25",23,10,20,20,22
"Loc1","Control",102,107.389160160511,-6.18110981689712,"2023-09-03","2023-09-05","2023-09-05",3,"2023-10-05",3,10,30,30,32
"Loc1","Control",102,107.389160160511,-6.18110981689712,"2023-09-03","2023-09-05","2023-09-05",4,"2023-10-15",27,10,40,40,42
"Loc1","Control",102,107.389160160511,-6.18110981689712,"2023-09-03","2023-09-05","2023-09-05",5,"2023-10-25",23,10,50,50,52
"Loc1","Control",102,107.389160160511,-6.18110981689712,"2023-09-03","2023-09-05","2023-09-05",6,"2023-11-04",30,10,60,60,62
"Loc1","Control",102,107.389160160511,-6.18110981689712,"2023-09-03","2023-09-05","2023-09-05",7,"2023-11-14",22,10,70,70,72
"Loc1","Control",102,107.389160160511,-6.18110981689712,"2023-09-03","2023-09-05","2023-09-05",8,"2023-11-24",13,10,80,80,82
"Loc1","Control",103,107.389989160511,-6.18132781689712,"2023-09-02","2023-09-05","2023-09-05",1,"2023-09-15",17,10,10,10,13
"Loc1","Control",103,107.389989160511,-6.18132781689712,"2023-09-02","2023-09-05","2023-09-05",2,"2023-09-25",25,10,20,20,23
"Loc1","Control",103,107.389989160511,-6.18132781689712,"2023-09-02","2023-09-05","2023-09-05",3,"2023-10-05",4,10,30,30,33
"Loc1","Control",103,107.389989160511,-6.18132781689712,"2023-09-02","2023-09-05","2023-09-05",4,"2023-10-15",10,10,40,40,43
"Loc1","Control",103,107.389989160511,-6.18132781689712,"2023-09-02","2023-09-05","2023-09-05",5,"2023-10-25",2,10,50,50,53
"Loc1","Control",103,107.389989160511,-6.18132781689712,"2023-09-02","2023-09-05","2023-09-05",6,"2023-11-04",49,10,60,60,63
"Loc1","Control",103,107.389989160511,-6.18132781689712,"2023-09-02","2023-09-05","2023-09-05",7,"2023-11-14",79,10,70,70,73
"Loc1","Control",103,107.389989160511,-6.18132781689712,"2023-09-02","2023-09-05","2023-09-05",8,"2023-11-24",15,10,80,80,83
"Loc1","Control",104,107.389738160511,-6.18222481689712,"2023-09-03","2023-09-05","2023-09-05",1,"2023-09-15",25,10,10,10,12
"Loc1","Control",104,107.389738160511,-6.18222481689712,"2023-09-03","2023-09-05","2023-09-05",2,"2023-09-25",19,10,20,20,22
"Loc1","Control",104,107.389738160511,-6.18222481689712,"2023-09-03","2023-09-05","2023-09-05",3,"2023-10-05",35,10,30,30,32
"Loc1","Control",104,107.389738160511,-6.18222481689712,"2023-09-03","2023-09-05","2023-09-05",4,"2023-10-15",10,10,40,40,42
"Loc1","Control",104,107.389738160511,-6.18222481689712,"2023-09-03","2023-09-05","2023-09-05",5,"2023-10-25",14,10,50,50,52
"Loc1","Control",104,107.389738160511,-6.18222481689712,"2023-09-03","2023-09-05","2023-09-05",6,"2023-11-04",38,10,60,60,62
"Loc1","Control",104,107.389738160511,-6.18222481689712,"2023-09-03","2023-09-05","2023-09-05",7,"2023-11-14",69,10,70,70,72
"Loc1","Control",104,107.389738160511,-6.18222481689712,"2023-09-03","2023-09-05","2023-09-05",8,"2023-11-24",39,10,80,80,82
"Loc4","Trt",201,107.821294126473,-6.73363413322164,"2023-07-24","2023-08-06","2023-08-06",1,"2023-08-16",1,10,10,10,23
"Loc4","Trt",201,107.821294126473,-6.73363413322164,"2023-07-24","2023-08-06","2023-08-06",2,"2023-08-26",0,10,20,20,33
"Loc4","Trt",201,107.821294126473,-6.73363413322164,"2023-07-24","2023-08-06","2023-08-06",3,"2023-09-06",1,11,31,31,44
"Loc4","Trt",201,107.821294126473,-6.73363413322164,"2023-07-24","2023-08-06","2023-08-06",4,"2023-09-16",2,10,41,41,54
"Loc4","Trt",201,107.821294126473,-6.73363413322164,"2023-07-24","2023-08-06","2023-08-06",5,"2023-09-26",0,10,51,51,64
"Loc4","Trt",201,107.821294126473,-6.73363413322164,"2023-07-24","2023-08-06","2023-08-06",6,"2023-10-06",1,10,61,61,74
"Loc4","Trt",201,107.821294126473,-6.73363413322164,"2023-07-24","2023-08-06","2023-08-06",7,"2023-10-16",4,10,71,71,84
"Loc4","Trt",201,107.821294126473,-6.73363413322164,"2023-07-24","2023-08-06","2023-08-06",8,"2023-10-25",2,9,80,80,93
"Loc4","Trt",201,107.821294126473,-6.73363413322164,"2023-07-24","2023-08-06","2023-08-06",9,"2023-11-06",0,12,92,92,105
"Loc4","Trt",201,107.821294126473,-6.73363413322164,"2023-07-24","2023-08-06","2023-08-06",10,"2023-11-15",1,9,101,101,114
"Loc4","Trt",202,107.820321126473,-6.73329013322164,"2023-07-24","2023-08-06","2023-08-06",1,"2023-08-16",0,10,10,10,23
"Loc4","Trt",202,107.820321126473,-6.73329013322164,"2023-07-24","2023-08-06","2023-08-06",2,"2023-08-26",0,10,20,20,33
"Loc4","Trt",202,107.820321126473,-6.73329013322164,"2023-07-24","2023-08-06","2023-08-06",3,"2023-09-06",0,11,31,31,44
"Loc4","Trt",202,107.820321126473,-6.73329013322164,"2023-07-24","2023-08-06","2023-08-06",4,"2023-09-16",0,10,41,41,54
"Loc4","Trt",202,107.820321126473,-6.73329013322164,"2023-07-24","2023-08-06","2023-08-06",5,"2023-09-26",1,10,51,51,64
"Loc4","Trt",202,107.820321126473,-6.73329013322164,"2023-07-24","2023-08-06","2023-08-06",6,"2023-10-06",2,10,61,61,74
"Loc4","Trt",202,107.820321126473,-6.73329013322164,"2023-07-24","2023-08-06","2023-08-06",7,"2023-10-16",2,10,71,71,84
"Loc4","Trt",202,107.820321126473,-6.73329013322164,"2023-07-24","2023-08-06","2023-08-06",8,"2023-10-25",1,9,80,80,93
"Loc4","Trt",202,107.820321126473,-6.73329013322164,"2023-07-24","2023-08-06","2023-08-06",9,"2023-11-06",2,12,92,92,105
"Loc4","Trt",202,107.820321126473,-6.73329013322164,"2023-07-24","2023-08-06","2023-08-06",10,"2023-11-15",0,9,101,101,114
"Loc4","Trt",203,107.820321126473,-6.73420813322164,"2023-07-24","2023-08-06","2023-08-06",1,"2023-08-16",0,10,10,10,23
"Loc4","Trt",203,107.820321126473,-6.73420813322164,"2023-07-24","2023-08-06","2023-08-06",2,"2023-08-26",1,10,20,20,33
"Loc4","Trt",203,107.820321126473,-6.73420813322164,"2023-07-24","2023-08-06","2023-08-06",3,"2023-09-06",2,11,31,31,44
"Loc4","Trt",203,107.820321126473,-6.73420813322164,"2023-07-24","2023-08-06","2023-08-06",4,"2023-09-16",0,10,41,41,54
"Loc4","Trt",203,107.820321126473,-6.73420813322164,"2023-07-24","2023-08-06","2023-08-06",5,"2023-09-26",0,10,51,51,64
"Loc4","Trt",203,107.820321126473,-6.73420813322164,"2023-07-24","2023-08-06","2023-08-06",6,"2023-10-06",1,10,61,61,74
"Loc4","Trt",203,107.820321126473,-6.73420813322164,"2023-07-24","2023-08-06","2023-08-06",7,"2023-10-16",0,10,71,71,84
"Loc4","Trt",203,107.820321126473,-6.73420813322164,"2023-07-24","2023-08-06","2023-08-06",8,"2023-10-25",1,9,80,80,93
"Loc4","Trt",203,107.820321126473,-6.73420813322164,"2023-07-24","2023-08-06","2023-08-06",9,"2023-11-06",2,12,92,92,105
"Loc4","Trt",203,107.820321126473,-6.73420813322164,"2023-07-24","2023-08-06","2023-08-06",10,"2023-11-15",0,9,101,101,114
"Loc4","Trt",204,107.821294126473,-6.73449113322164,"2023-07-24","2023-08-06","2023-08-06",1,"2023-08-16",0,10,10,10,23
"Loc4","Trt",204,107.821294126473,-6.73449113322164,"2023-07-24","2023-08-06","2023-08-06",2,"2023-08-26",1,10,20,20,33
"Loc4","Trt",204,107.821294126473,-6.73449113322164,"2023-07-24","2023-08-06","2023-08-06",3,"2023-09-06",1,11,31,31,44
"Loc4","Trt",204,107.821294126473,-6.73449113322164,"2023-07-24","2023-08-06","2023-08-06",4,"2023-09-16",0,10,41,41,54
"Loc4","Trt",204,107.821294126473,-6.73449113322164,"2023-07-24","2023-08-06","2023-08-06",5,"2023-09-26",0,10,51,51,64
"Loc4","Trt",204,107.821294126473,-6.73449113322164,"2023-07-24","2023-08-06","2023-08-06",6,"2023-10-06",1,10,61,61,74
"Loc4","Trt",204,107.821294126473,-6.73449113322164,"2023-07-24","2023-08-06","2023-08-06",7,"2023-10-16",1,10,71,71,84
"Loc4","Trt",204,107.821294126473,-6.73449113322164,"2023-07-24","2023-08-06","2023-08-06",8,"2023-10-25",0,9,80,80,93
"Loc4","Trt",204,107.821294126473,-6.73449113322164,"2023-07-24","2023-08-06","2023-08-06",9,"2023-11-06",4,12,92,92,105
"Loc4","Trt",204,107.821294126473,-6.73449113322164,"2023-07-24","2023-08-06","2023-08-06",10,"2023-11-15",0,9,101,101,114
"Loc4","Control",101,107.810738126473,-6.74248113322164,"2023-07-27","2023-08-06",NA,1,"2023-08-16",4,10,10,NA,20
"Loc4","Control",101,107.810738126473,-6.74248113322164,"2023-07-27","2023-08-06",NA,2,"2023-08-26",2,10,20,NA,30
"Loc4","Control",101,107.810738126473,-6.74248113322164,"2023-07-27","2023-08-06",NA,3,"2023-09-06",3,11,31,NA,41
"Loc4","Control",101,107.810738126473,-6.74248113322164,"2023-07-27","2023-08-06",NA,4,"2023-09-16",3,10,41,NA,51
"Loc4","Control",101,107.810738126473,-6.74248113322164,"2023-07-27","2023-08-06",NA,5,"2023-09-26",2,10,51,NA,61
"Loc4","Control",101,107.810738126473,-6.74248113322164,"2023-07-27","2023-08-06",NA,6,"2023-10-06",3,10,61,NA,71
"Loc4","Control",101,107.810738126473,-6.74248113322164,"2023-07-27","2023-08-06",NA,7,"2023-10-16",1,10,71,NA,81
"Loc4","Control",101,107.810738126473,-6.74248113322164,"2023-07-27","2023-08-06",NA,8,"2023-10-25",3,9,80,NA,90
"Loc4","Control",101,107.810738126473,-6.74248113322164,"2023-07-27","2023-08-06",NA,9,"2023-11-06",5,12,92,NA,102
"Loc4","Control",101,107.810738126473,-6.74248113322164,"2023-07-27","2023-08-06",NA,10,"2023-11-15",4,9,101,NA,111
"Loc4","Control",102,107.809708126473,-6.74241313322164,"2023-07-27","2023-08-06",NA,1,"2023-08-16",6,10,10,NA,20
"Loc4","Control",102,107.809708126473,-6.74241313322164,"2023-07-27","2023-08-06",NA,2,"2023-08-26",3,10,20,NA,30
"Loc4","Control",102,107.809708126473,-6.74241313322164,"2023-07-27","2023-08-06",NA,3,"2023-09-06",3,11,31,NA,41
"Loc4","Control",102,107.809708126473,-6.74241313322164,"2023-07-27","2023-08-06",NA,4,"2023-09-16",3,10,41,NA,51
"Loc4","Control",102,107.809708126473,-6.74241313322164,"2023-07-27","2023-08-06",NA,5,"2023-09-26",7,10,51,NA,61
"Loc4","Control",102,107.809708126473,-6.74241313322164,"2023-07-27","2023-08-06",NA,6,"2023-10-06",3,10,61,NA,71
"Loc4","Control",102,107.809708126473,-6.74241313322164,"2023-07-27","2023-08-06",NA,7,"2023-10-16",4,10,71,NA,81
"Loc4","Control",102,107.809708126473,-6.74241313322164,"2023-07-27","2023-08-06",NA,8,"2023-10-25",2,9,80,NA,90
"Loc4","Control",102,107.809708126473,-6.74241313322164,"2023-07-27","2023-08-06",NA,9,"2023-11-06",9,12,92,NA,102
"Loc4","Control",102,107.809708126473,-6.74241313322164,"2023-07-27","2023-08-06",NA,10,"2023-11-15",6,9,101,NA,111
"Loc4","Control",103,107.809442126473,-6.74325113322164,"2023-07-27","2023-08-06",NA,1,"2023-08-16",1,10,10,NA,20
"Loc4","Control",103,107.809442126473,-6.74325113322164,"2023-07-27","2023-08-06",NA,2,"2023-08-26",3,10,20,NA,30
"Loc4","Control",103,107.809442126473,-6.74325113322164,"2023-07-27","2023-08-06",NA,3,"2023-09-06",4,11,31,NA,41
"Loc4","Control",103,107.809442126473,-6.74325113322164,"2023-07-27","2023-08-06",NA,4,"2023-09-16",3,10,41,NA,51
"Loc4","Control",103,107.809442126473,-6.74325113322164,"2023-07-27","2023-08-06",NA,5,"2023-09-26",4,10,51,NA,61
"Loc4","Control",103,107.809442126473,-6.74325113322164,"2023-07-27","2023-08-06",NA,6,"2023-10-06",1,10,61,NA,71
"Loc4","Control",103,107.809442126473,-6.74325113322164,"2023-07-27","2023-08-06",NA,7,"2023-10-16",1,10,71,NA,81
"Loc4","Control",103,107.809442126473,-6.74325113322164,"2023-07-27","2023-08-06",NA,8,"2023-10-25",7,9,80,NA,90
"Loc4","Control",103,107.809442126473,-6.74325113322164,"2023-07-27","2023-08-06",NA,9,"2023-11-06",3,12,92,NA,102
"Loc4","Control",103,107.809442126473,-6.74325113322164,"2023-07-27","2023-08-06",NA,10,"2023-11-15",4,9,101,NA,111
"Loc4","Control",104,107.810598126473,-6.74331513322164,"2023-07-27","2023-08-06",NA,1,"2023-08-16",5,10,10,NA,20
"Loc4","Control",104,107.810598126473,-6.74331513322164,"2023-07-27","2023-08-06",NA,2,"2023-08-26",2,10,20,NA,30
"Loc4","Control",104,107.810598126473,-6.74331513322164,"2023-07-27","2023-08-06",NA,3,"2023-09-06",5,11,31,NA,41
"Loc4","Control",104,107.810598126473,-6.74331513322164,"2023-07-27","2023-08-06",NA,4,"2023-09-16",4,10,41,NA,51
"Loc4","Control",104,107.810598126473,-6.74331513322164,"2023-07-27","2023-08-06",NA,5,"2023-09-26",2,10,51,NA,61
"Loc4","Control",104,107.810598126473,-6.74331513322164,"2023-07-27","2023-08-06",NA,6,"2023-10-06",3,10,61,NA,71
"Loc4","Control",104,107.810598126473,-6.74331513322164,"2023-07-27","2023-08-06",NA,7,"2023-10-16",0,10,71,NA,81
"Loc4","Control",104,107.810598126473,-6.74331513322164,"2023-07-27","2023-08-06",NA,8,"2023-10-25",2,9,80,NA,90
"Loc4","Control",104,107.810598126473,-6.74331513322164,"2023-07-27","2023-08-06",NA,9,"2023-11-06",4,12,92,NA,102
"Loc4","Control",104,107.810598126473,-6.74331513322164,"2023-07-27","2023-08-06",NA,10,"2023-11-15",5,9,101,NA,111
"Loc5","Trt",201,106.452721867125,-6.873280869784,"2023-08-01","2023-08-04","2023-08-04",1,"2023-08-14",0,10,10,10,13
"Loc5","Trt",201,106.452721867125,-6.873280869784,"2023-08-01","2023-08-04","2023-08-04",2,"2023-08-24",1,10,20,20,23
"Loc5","Trt",201,106.452721867125,-6.873280869784,"2023-08-01","2023-08-04","2023-08-04",3,"2023-09-03",3,10,30,30,33
"Loc5","Trt",201,106.452721867125,-6.873280869784,"2023-08-01","2023-08-04","2023-08-04",4,"2023-09-14",0,11,41,41,44
"Loc5","Trt",201,106.452721867125,-6.873280869784,"2023-08-01","2023-08-04","2023-08-04",5,"2023-09-25",3,11,52,52,55
"Loc5","Trt",201,106.452721867125,-6.873280869784,"2023-08-01","2023-08-04","2023-08-04",6,"2023-10-04",1,9,61,61,64
"Loc5","Trt",201,106.452721867125,-6.873280869784,"2023-08-01","2023-08-04","2023-08-04",7,"2023-10-13",0,9,70,70,73
"Loc5","Trt",201,106.452721867125,-6.873280869784,"2023-08-01","2023-08-04","2023-08-04",8,"2023-10-24",0,11,81,81,84
"Loc5","Trt",201,106.452721867125,-6.873280869784,"2023-08-01","2023-08-04","2023-08-04",9,"2023-11-03",0,10,91,91,94
"Loc5","Trt",202,106.451724867125,-6.873684869784,"2023-08-01","2023-08-04","2023-08-04",1,"2023-08-14",2,10,10,10,13
"Loc5","Trt",202,106.451724867125,-6.873684869784,"2023-08-01","2023-08-04","2023-08-04",2,"2023-08-24",0,10,20,20,23
"Loc5","Trt",202,106.451724867125,-6.873684869784,"2023-08-01","2023-08-04","2023-08-04",3,"2023-09-03",1,10,30,30,33
"Loc5","Trt",202,106.451724867125,-6.873684869784,"2023-08-01","2023-08-04","2023-08-04",4,"2023-09-14",4,11,41,41,44
"Loc5","Trt",202,106.451724867125,-6.873684869784,"2023-08-01","2023-08-04","2023-08-04",5,"2023-09-25",8,11,52,52,55
"Loc5","Trt",202,106.451724867125,-6.873684869784,"2023-08-01","2023-08-04","2023-08-04",6,"2023-10-04",3,9,61,61,64
"Loc5","Trt",202,106.451724867125,-6.873684869784,"2023-08-01","2023-08-04","2023-08-04",7,"2023-10-13",0,9,70,70,73
"Loc5","Trt",202,106.451724867125,-6.873684869784,"2023-08-01","2023-08-04","2023-08-04",8,"2023-10-24",0,11,81,81,84
"Loc5","Trt",202,106.451724867125,-6.873684869784,"2023-08-01","2023-08-04","2023-08-04",9,"2023-11-03",0,10,91,91,94
"Loc5","Trt",203,106.451338867125,-6.872853869784,"2023-08-01","2023-08-04","2023-08-04",1,"2023-08-14",1,10,10,10,13
"Loc5","Trt",203,106.451338867125,-6.872853869784,"2023-08-01","2023-08-04","2023-08-04",2,"2023-08-24",1,10,20,20,23
"Loc5","Trt",203,106.451338867125,-6.872853869784,"2023-08-01","2023-08-04","2023-08-04",3,"2023-09-03",2,10,30,30,33
"Loc5","Trt",203,106.451338867125,-6.872853869784,"2023-08-01","2023-08-04","2023-08-04",4,"2023-09-14",1,11,41,41,44
"Loc5","Trt",203,106.451338867125,-6.872853869784,"2023-08-01","2023-08-04","2023-08-04",5,"2023-09-25",12,11,52,52,55
"Loc5","Trt",203,106.451338867125,-6.872853869784,"2023-08-01","2023-08-04","2023-08-04",6,"2023-10-04",1,9,61,61,64
"Loc5","Trt",203,106.451338867125,-6.872853869784,"2023-08-01","2023-08-04","2023-08-04",7,"2023-10-13",1,9,70,70,73
"Loc5","Trt",203,106.451338867125,-6.872853869784,"2023-08-01","2023-08-04","2023-08-04",8,"2023-10-24",0,11,81,81,84
"Loc5","Trt",203,106.451338867125,-6.872853869784,"2023-08-01","2023-08-04","2023-08-04",9,"2023-11-03",2,10,91,91,94
"Loc5","Trt",204,106.452261867125,-6.872411869784,"2023-08-01","2023-08-04","2023-08-04",1,"2023-08-14",0,10,10,10,13
"Loc5","Trt",204,106.452261867125,-6.872411869784,"2023-08-01","2023-08-04","2023-08-04",2,"2023-08-24",1,10,20,20,23
"Loc5","Trt",204,106.452261867125,-6.872411869784,"2023-08-01","2023-08-04","2023-08-04",3,"2023-09-03",4,10,30,30,33
"Loc5","Trt",204,106.452261867125,-6.872411869784,"2023-08-01","2023-08-04","2023-08-04",4,"2023-09-14",0,11,41,41,44
"Loc5","Trt",204,106.452261867125,-6.872411869784,"2023-08-01","2023-08-04","2023-08-04",5,"2023-09-25",2,11,52,52,55
"Loc5","Trt",204,106.452261867125,-6.872411869784,"2023-08-01","2023-08-04","2023-08-04",6,"2023-10-04",2,9,61,61,64
"Loc5","Trt",204,106.452261867125,-6.872411869784,"2023-08-01","2023-08-04","2023-08-04",7,"2023-10-13",2,9,70,70,73
"Loc5","Trt",204,106.452261867125,-6.872411869784,"2023-08-01","2023-08-04","2023-08-04",8,"2023-10-24",1,11,81,81,84
"Loc5","Trt",204,106.452261867125,-6.872411869784,"2023-08-01","2023-08-04","2023-08-04",9,"2023-11-03",3,10,91,91,94
"Loc5","Control",101,106.456439867125,-6.876068869784,"2023-08-02","2023-08-04",NA,1,"2023-08-14",5,10,10,NA,12
"Loc5","Control",101,106.456439867125,-6.876068869784,"2023-08-02","2023-08-04",NA,2,"2023-08-25",3,11,21,NA,23
"Loc5","Control",101,106.456439867125,-6.876068869784,"2023-08-02","2023-08-04",NA,3,"2023-09-03",3,9,30,NA,32
"Loc5","Control",101,106.456439867125,-6.876068869784,"2023-08-02","2023-08-04",NA,4,"2023-09-14",49,11,41,NA,43
"Loc5","Control",101,106.456439867125,-6.876068869784,"2023-08-02","2023-08-04",NA,5,"2023-09-24",28,10,51,NA,53
"Loc5","Control",101,106.456439867125,-6.876068869784,"2023-08-02","2023-08-04",NA,6,"2023-10-04",47,10,61,NA,63
"Loc5","Control",101,106.456439867125,-6.876068869784,"2023-08-02","2023-08-04",NA,7,"2023-10-13",39,9,70,NA,72
"Loc5","Control",101,106.456439867125,-6.876068869784,"2023-08-02","2023-08-04",NA,8,"2023-10-25",3,12,82,NA,84
"Loc5","Control",101,106.456439867125,-6.876068869784,"2023-08-02","2023-08-04",NA,9,"2023-11-04",8,10,92,NA,94
"Loc5","Control",102,106.455479867125,-6.876378869784,"2023-08-02","2023-08-04",NA,1,"2023-08-14",3,10,10,NA,12
"Loc5","Control",102,106.455479867125,-6.876378869784,"2023-08-02","2023-08-04",NA,2,"2023-08-25",5,11,21,NA,23
"Loc5","Control",102,106.455479867125,-6.876378869784,"2023-08-02","2023-08-04",NA,3,"2023-09-03",3,9,30,NA,32
"Loc5","Control",102,106.455479867125,-6.876378869784,"2023-08-02","2023-08-04",NA,4,"2023-09-14",39,11,41,NA,43
"Loc5","Control",102,106.455479867125,-6.876378869784,"2023-08-02","2023-08-04",NA,5,"2023-09-24",17,10,51,NA,53
"Loc5","Control",102,106.455479867125,-6.876378869784,"2023-08-02","2023-08-04",NA,6,"2023-10-04",43,10,61,NA,63
"Loc5","Control",102,106.455479867125,-6.876378869784,"2023-08-02","2023-08-04",NA,7,"2023-10-13",34,9,70,NA,72
"Loc5","Control",102,106.455479867125,-6.876378869784,"2023-08-02","2023-08-04",NA,8,"2023-10-25",4,12,82,NA,84
"Loc5","Control",102,106.455479867125,-6.876378869784,"2023-08-02","2023-08-04",NA,9,"2023-11-04",15,10,92,NA,94
"Loc5","Control",103,106.455051867125,-6.875568869784,"2023-08-02","2023-08-04",NA,1,"2023-08-14",5,10,10,NA,12
"Loc5","Control",103,106.455051867125,-6.875568869784,"2023-08-02","2023-08-04",NA,2,"2023-08-25",4,11,21,NA,23
"Loc5","Control",103,106.455051867125,-6.875568869784,"2023-08-02","2023-08-04",NA,3,"2023-09-03",4,9,30,NA,32
"Loc5","Control",103,106.455051867125,-6.875568869784,"2023-08-02","2023-08-04",NA,4,"2023-09-14",17,11,41,NA,43
"Loc5","Control",103,106.455051867125,-6.875568869784,"2023-08-02","2023-08-04",NA,5,"2023-09-24",11,10,51,NA,53
"Loc5","Control",103,106.455051867125,-6.875568869784,"2023-08-02","2023-08-04",NA,6,"2023-10-04",48,10,61,NA,63
"Loc5","Control",103,106.455051867125,-6.875568869784,"2023-08-02","2023-08-04",NA,7,"2023-10-13",26,9,70,NA,72
"Loc5","Control",103,106.455051867125,-6.875568869784,"2023-08-02","2023-08-04",NA,8,"2023-10-25",2,12,82,NA,84
"Loc5","Control",103,106.455051867125,-6.875568869784,"2023-08-02","2023-08-04",NA,9,"2023-11-04",16,10,92,NA,94
"Loc5","Control",104,106.456047867125,-6.875274869784,"2023-08-02","2023-08-04",NA,1,"2023-08-14",5,10,10,NA,12
"Loc5","Control",104,106.456047867125,-6.875274869784,"2023-08-02","2023-08-04",NA,2,"2023-08-25",2,11,21,NA,23
"Loc5","Control",104,106.456047867125,-6.875274869784,"2023-08-02","2023-08-04",NA,3,"2023-09-03",5,9,30,NA,32
"Loc5","Control",104,106.456047867125,-6.875274869784,"2023-08-02","2023-08-04",NA,4,"2023-09-14",29,11,41,NA,43
"Loc5","Control",104,106.456047867125,-6.875274869784,"2023-08-02","2023-08-04",NA,5,"2023-09-24",16,10,51,NA,53
"Loc5","Control",104,106.456047867125,-6.875274869784,"2023-08-02","2023-08-04",NA,6,"2023-10-04",43,10,61,NA,63
"Loc5","Control",104,106.456047867125,-6.875274869784,"2023-08-02","2023-08-04",NA,7,"2023-10-13",34,9,70,NA,72
"Loc5","Control",104,106.456047867125,-6.875274869784,"2023-08-02","2023-08-04",NA,8,"2023-10-25",4,12,82,NA,84
"Loc5","Control",104,106.456047867125,-6.875274869784,"2023-08-02","2023-08-04",NA,9,"2023-11-04",8,10,92,NA,94
"Loc3","Trt",201,106.656692275933,-6.7917814585531,"2023-08-22","2023-08-26","2023-08-26",1,"2023-09-05",1,10,10,10,14
"Loc3","Trt",201,106.656692275933,-6.7917814585531,"2023-08-22","2023-08-26","2023-08-26",2,"2023-09-15",2,10,20,20,24
"Loc3","Trt",201,106.656692275933,-6.7917814585531,"2023-08-22","2023-08-26","2023-08-26",3,"2023-09-25",2,10,30,30,34
"Loc3","Trt",201,106.656692275933,-6.7917814585531,"2023-08-22","2023-08-26","2023-08-26",4,"2023-10-05",3,10,40,40,44
"Loc3","Trt",201,106.656692275933,-6.7917814585531,"2023-08-22","2023-08-26","2023-08-26",5,"2023-10-15",3,10,50,50,54
"Loc3","Trt",201,106.656692275933,-6.7917814585531,"2023-08-22","2023-08-26","2023-08-26",6,"2023-10-25",5,10,60,60,64
"Loc3","Trt",201,106.656692275933,-6.7917814585531,"2023-08-22","2023-08-26","2023-08-26",7,"2023-11-04",1,10,70,70,74
"Loc3","Trt",201,106.656692275933,-6.7917814585531,"2023-08-22","2023-08-26","2023-08-26",8,"2023-11-14",4,10,80,80,84
"Loc3","Trt",202,106.655913275933,-6.7920244585531,"2023-08-22","2023-08-26","2023-08-26",1,"2023-09-05",0,10,10,10,14
"Loc3","Trt",202,106.655913275933,-6.7920244585531,"2023-08-22","2023-08-26","2023-08-26",2,"2023-09-15",1,10,20,20,24
"Loc3","Trt",202,106.655913275933,-6.7920244585531,"2023-08-22","2023-08-26","2023-08-26",3,"2023-09-25",3,10,30,30,34
"Loc3","Trt",202,106.655913275933,-6.7920244585531,"2023-08-22","2023-08-26","2023-08-26",4,"2023-10-05",2,10,40,40,44
"Loc3","Trt",202,106.655913275933,-6.7920244585531,"2023-08-22","2023-08-26","2023-08-26",5,"2023-10-15",1,10,50,50,54
"Loc3","Trt",202,106.655913275933,-6.7920244585531,"2023-08-22","2023-08-26","2023-08-26",6,"2023-10-25",2,10,60,60,64
"Loc3","Trt",202,106.655913275933,-6.7920244585531,"2023-08-22","2023-08-26","2023-08-26",7,"2023-11-04",3,10,70,70,74
"Loc3","Trt",202,106.655913275933,-6.7920244585531,"2023-08-22","2023-08-26","2023-08-26",8,"2023-11-14",6,10,80,80,84
"Loc3","Trt",203,106.655588275933,-6.7911034585531,"2023-08-22","2023-08-26","2023-08-26",1,"2023-09-05",1,10,10,10,14
"Loc3","Trt",203,106.655588275933,-6.7911034585531,"2023-08-22","2023-08-26","2023-08-26",2,"2023-09-15",2,10,20,20,24
"Loc3","Trt",203,106.655588275933,-6.7911034585531,"2023-08-22","2023-08-26","2023-08-26",3,"2023-09-25",1,10,30,30,34
"Loc3","Trt",203,106.655588275933,-6.7911034585531,"2023-08-22","2023-08-26","2023-08-26",4,"2023-10-05",3,10,40,40,44
"Loc3","Trt",203,106.655588275933,-6.7911034585531,"2023-08-22","2023-08-26","2023-08-26",5,"2023-10-15",0,10,50,50,54
"Loc3","Trt",203,106.655588275933,-6.7911034585531,"2023-08-22","2023-08-26","2023-08-26",6,"2023-10-25",2,10,60,60,64
"Loc3","Trt",203,106.655588275933,-6.7911034585531,"2023-08-22","2023-08-26","2023-08-26",7,"2023-11-04",3,10,70,70,74
"Loc3","Trt",203,106.655588275933,-6.7911034585531,"2023-08-22","2023-08-26","2023-08-26",8,"2023-11-14",3,10,80,80,84
"Loc3","Trt",204,106.656423275933,-6.7908374585531,"2023-08-22","2023-08-26","2023-08-26",1,"2023-09-05",0,10,10,10,14
"Loc3","Trt",204,106.656423275933,-6.7908374585531,"2023-08-22","2023-08-26","2023-08-26",2,"2023-09-15",0,10,20,20,24
"Loc3","Trt",204,106.656423275933,-6.7908374585531,"2023-08-22","2023-08-26","2023-08-26",3,"2023-09-25",2,10,30,30,34
"Loc3","Trt",204,106.656423275933,-6.7908374585531,"2023-08-22","2023-08-26","2023-08-26",4,"2023-10-05",3,10,40,40,44
"Loc3","Trt",204,106.656423275933,-6.7908374585531,"2023-08-22","2023-08-26","2023-08-26",5,"2023-10-15",3,10,50,50,54
"Loc3","Trt",204,106.656423275933,-6.7908374585531,"2023-08-22","2023-08-26","2023-08-26",6,"2023-10-25",1,10,60,60,64
"Loc3","Trt",204,106.656423275933,-6.7908374585531,"2023-08-22","2023-08-26","2023-08-26",7,"2023-11-04",2,10,70,70,74
"Loc3","Trt",204,106.656423275933,-6.7908374585531,"2023-08-22","2023-08-26","2023-08-26",8,"2023-11-14",3,10,80,80,84
"Loc3","Control",101,106.648878275933,-6.7785404585531,"2023-08-24","2023-08-26",NA,1,"2023-09-05",7,10,10,NA,12
"Loc3","Control",101,106.648878275933,-6.7785404585531,"2023-08-24","2023-08-26",NA,2,"2023-09-15",15,10,20,NA,22
"Loc3","Control",101,106.648878275933,-6.7785404585531,"2023-08-24","2023-08-26",NA,3,"2023-09-25",7,10,30,NA,32
"Loc3","Control",101,106.648878275933,-6.7785404585531,"2023-08-24","2023-08-26",NA,4,"2023-10-05",5,10,40,NA,42
"Loc3","Control",101,106.648878275933,-6.7785404585531,"2023-08-24","2023-08-26",NA,5,"2023-10-15",9,10,50,NA,52
"Loc3","Control",101,106.648878275933,-6.7785404585531,"2023-08-24","2023-08-26",NA,6,"2023-10-25",4,10,60,NA,62
"Loc3","Control",101,106.648878275933,-6.7785404585531,"2023-08-24","2023-08-26",NA,7,"2023-11-04",6,10,70,NA,72
"Loc3","Control",101,106.648878275933,-6.7785404585531,"2023-08-24","2023-08-26",NA,8,"2023-11-14",18,10,80,NA,82
"Loc3","Control",102,106.648268275933,-6.7792304585531,"2023-08-24","2023-08-26",NA,1,"2023-09-05",5,10,10,NA,12
"Loc3","Control",102,106.648268275933,-6.7792304585531,"2023-08-24","2023-08-26",NA,2,"2023-09-15",6,10,20,NA,22
"Loc3","Control",102,106.648268275933,-6.7792304585531,"2023-08-24","2023-08-26",NA,3,"2023-09-25",9,10,30,NA,32
"Loc3","Control",102,106.648268275933,-6.7792304585531,"2023-08-24","2023-08-26",NA,4,"2023-10-05",5,10,40,NA,42
"Loc3","Control",102,106.648268275933,-6.7792304585531,"2023-08-24","2023-08-26",NA,5,"2023-10-15",18,10,50,NA,52
"Loc3","Control",102,106.648268275933,-6.7792304585531,"2023-08-24","2023-08-26",NA,6,"2023-10-25",9,10,60,NA,62
"Loc3","Control",102,106.648268275933,-6.7792304585531,"2023-08-24","2023-08-26",NA,7,"2023-11-04",1,10,70,NA,72
"Loc3","Control",102,106.648268275933,-6.7792304585531,"2023-08-24","2023-08-26",NA,8,"2023-11-14",13,10,80,NA,82
"Loc3","Control",103,106.647785275933,-6.7785184585531,"2023-08-24","2023-08-26",NA,1,"2023-09-05",6,10,10,NA,12
"Loc3","Control",103,106.647785275933,-6.7785184585531,"2023-08-24","2023-08-26",NA,2,"2023-09-15",13,10,20,NA,22
"Loc3","Control",103,106.647785275933,-6.7785184585531,"2023-08-24","2023-08-26",NA,3,"2023-09-25",4,10,30,NA,32
"Loc3","Control",103,106.647785275933,-6.7785184585531,"2023-08-24","2023-08-26",NA,4,"2023-10-05",8,10,40,NA,42
"Loc3","Control",103,106.647785275933,-6.7785184585531,"2023-08-24","2023-08-26",NA,5,"2023-10-15",5,10,50,NA,52
"Loc3","Control",103,106.647785275933,-6.7785184585531,"2023-08-24","2023-08-26",NA,6,"2023-10-25",1,10,60,NA,62
"Loc3","Control",103,106.647785275933,-6.7785184585531,"2023-08-24","2023-08-26",NA,7,"2023-11-04",3,10,70,NA,72
"Loc3","Control",103,106.647785275933,-6.7785184585531,"2023-08-24","2023-08-26",NA,8,"2023-11-14",21,10,80,NA,82
"Loc3","Control",104,106.648502275933,-6.7778944585531,"2023-08-24","2023-08-26",NA,1,"2023-09-05",6,10,10,NA,12
"Loc3","Control",104,106.648502275933,-6.7778944585531,"2023-08-24","2023-08-26",NA,2,"2023-09-15",9,10,20,NA,22
"Loc3","Control",104,106.648502275933,-6.7778944585531,"2023-08-24","2023-08-26",NA,3,"2023-09-25",6,10,30,NA,32
"Loc3","Control",104,106.648502275933,-6.7778944585531,"2023-08-24","2023-08-26",NA,4,"2023-10-05",8,10,40,NA,42
"Loc3","Control",104,106.648502275933,-6.7778944585531,"2023-08-24","2023-08-26",NA,5,"2023-10-15",8,10,50,NA,52
"Loc3","Control",104,106.648502275933,-6.7778944585531,"2023-08-24","2023-08-26",NA,6,"2023-10-25",3,10,60,NA,62
"Loc3","Control",104,106.648502275933,-6.7778944585531,"2023-08-24","2023-08-26",NA,7,"2023-11-04",4,10,70,NA,72
"Loc3","Control",104,106.648502275933,-6.7778944585531,"2023-08-24","2023-08-26",NA,8,"2023-11-14",13,10,80,NA,82
"Loc6","Trt",201,106.606755924882,-6.9563524845438,"2023-08-26","2023-08-31","2023-08-31",1,"2023-09-10",3,10,10,10,15
"Loc6","Trt",201,106.606755924882,-6.9563524845438,"2023-08-26","2023-08-31","2023-08-31",2,"2023-09-20",5,10,20,20,25
"Loc6","Trt",201,106.606755924882,-6.9563524845438,"2023-08-26","2023-08-31","2023-08-31",3,"2023-09-30",1,10,30,30,35
"Loc6","Trt",201,106.606755924882,-6.9563524845438,"2023-08-26","2023-08-31","2023-08-31",4,"2023-10-10",0,10,40,40,45
"Loc6","Trt",201,106.606755924882,-6.9563524845438,"2023-08-26","2023-08-31","2023-08-31",5,"2023-10-20",0,10,50,50,55
"Loc6","Trt",201,106.606755924882,-6.9563524845438,"2023-08-26","2023-08-31","2023-08-31",6,"2023-10-30",0,10,60,60,65
"Loc6","Trt",201,106.606755924882,-6.9563524845438,"2023-08-26","2023-08-31","2023-08-31",7,"2023-11-09",2,10,70,70,75
"Loc6","Trt",201,106.606755924882,-6.9563524845438,"2023-08-26","2023-08-31","2023-08-31",8,"2023-11-19",6,10,80,80,85
"Loc6","Trt",202,106.605821924882,-6.9566354845438,"2023-08-26","2023-08-31","2023-08-31",1,"2023-09-10",0,10,10,10,15
"Loc6","Trt",202,106.605821924882,-6.9566354845438,"2023-08-26","2023-08-31","2023-08-31",2,"2023-09-20",0,10,20,20,25
"Loc6","Trt",202,106.605821924882,-6.9566354845438,"2023-08-26","2023-08-31","2023-08-31",3,"2023-09-30",3,10,30,30,35
"Loc6","Trt",202,106.605821924882,-6.9566354845438,"2023-08-26","2023-08-31","2023-08-31",4,"2023-10-10",1,10,40,40,45
"Loc6","Trt",202,106.605821924882,-6.9566354845438,"2023-08-26","2023-08-31","2023-08-31",5,"2023-10-20",2,10,50,50,55
"Loc6","Trt",202,106.605821924882,-6.9566354845438,"2023-08-26","2023-08-31","2023-08-31",6,"2023-10-30",3,10,60,60,65
"Loc6","Trt",202,106.605821924882,-6.9566354845438,"2023-08-26","2023-08-31","2023-08-31",7,"2023-11-09",0,10,70,70,75
"Loc6","Trt",202,106.605821924882,-6.9566354845438,"2023-08-26","2023-08-31","2023-08-31",8,"2023-11-19",0,10,80,80,85
"Loc6","Trt",203,106.605488924882,-6.9557184845438,"2023-08-26","2023-08-31","2023-08-31",1,"2023-09-10",1,10,10,10,15
"Loc6","Trt",203,106.605488924882,-6.9557184845438,"2023-08-26","2023-08-31","2023-08-31",2,"2023-09-20",0,10,20,20,25
"Loc6","Trt",203,106.605488924882,-6.9557184845438,"2023-08-26","2023-08-31","2023-08-31",3,"2023-09-30",1,10,30,30,35
"Loc6","Trt",203,106.605488924882,-6.9557184845438,"2023-08-26","2023-08-31","2023-08-31",4,"2023-10-10",1,10,40,40,45
"Loc6","Trt",203,106.605488924882,-6.9557184845438,"2023-08-26","2023-08-31","2023-08-31",5,"2023-10-20",3,10,50,50,55
"Loc6","Trt",203,106.605488924882,-6.9557184845438,"2023-08-26","2023-08-31","2023-08-31",6,"2023-10-30",1,10,60,60,65
"Loc6","Trt",203,106.605488924882,-6.9557184845438,"2023-08-26","2023-08-31","2023-08-31",7,"2023-11-09",1,10,70,70,75
"Loc6","Trt",203,106.605488924882,-6.9557184845438,"2023-08-26","2023-08-31","2023-08-31",8,"2023-11-19",8,10,80,80,85
"Loc6","Trt",204,106.606455924882,-6.9554354845438,"2023-08-26","2023-08-31","2023-08-31",1,"2023-09-10",1,10,10,10,15
"Loc6","Trt",204,106.606455924882,-6.9554354845438,"2023-08-26","2023-08-31","2023-08-31",2,"2023-09-20",1,10,20,20,25
"Loc6","Trt",204,106.606455924882,-6.9554354845438,"2023-08-26","2023-08-31","2023-08-31",3,"2023-09-30",3,10,30,30,35
"Loc6","Trt",204,106.606455924882,-6.9554354845438,"2023-08-26","2023-08-31","2023-08-31",4,"2023-10-10",2,10,40,40,45
"Loc6","Trt",204,106.606455924882,-6.9554354845438,"2023-08-26","2023-08-31","2023-08-31",5,"2023-10-20",2,10,50,50,55
"Loc6","Trt",204,106.606455924882,-6.9554354845438,"2023-08-26","2023-08-31","2023-08-31",6,"2023-10-30",2,10,60,60,65
"Loc6","Trt",204,106.606455924882,-6.9554354845438,"2023-08-26","2023-08-31","2023-08-31",7,"2023-11-09",0,10,70,70,75
"Loc6","Trt",204,106.606455924882,-6.9554354845438,"2023-08-26","2023-08-31","2023-08-31",8,"2023-11-19",5,10,80,80,85
"Loc6","Control",101,106.606544924882,-6.9422844845438,"2023-08-27","2023-08-31",NA,1,"2023-09-10",2,10,10,NA,14
"Loc6","Control",101,106.606544924882,-6.9422844845438,"2023-08-27","2023-08-31",NA,2,"2023-09-20",9,10,20,NA,24
"Loc6","Control",101,106.606544924882,-6.9422844845438,"2023-08-27","2023-08-31",NA,3,"2023-09-30",4,10,30,NA,34
"Loc6","Control",101,106.606544924882,-6.9422844845438,"2023-08-27","2023-08-31",NA,4,"2023-10-10",10,10,40,NA,44
"Loc6","Control",101,106.606544924882,-6.9422844845438,"2023-08-27","2023-08-31",NA,5,"2023-10-20",11,10,50,NA,54
"Loc6","Control",101,106.606544924882,-6.9422844845438,"2023-08-27","2023-08-31",NA,6,"2023-10-30",3,10,60,NA,64
"Loc6","Control",101,106.606544924882,-6.9422844845438,"2023-08-27","2023-08-31",NA,7,"2023-11-09",6,10,70,NA,74
"Loc6","Control",101,106.606544924882,-6.9422844845438,"2023-08-27","2023-08-31",NA,8,"2023-11-19",9,10,80,NA,84
"Loc6","Control",102,106.605462924882,-6.9425384845438,"2023-08-27","2023-08-31",NA,1,"2023-09-10",13,10,10,NA,14
"Loc6","Control",102,106.605462924882,-6.9425384845438,"2023-08-27","2023-08-31",NA,2,"2023-09-20",7,10,20,NA,24
"Loc6","Control",102,106.605462924882,-6.9425384845438,"2023-08-27","2023-08-31",NA,3,"2023-09-30",5,10,30,NA,34
"Loc6","Control",102,106.605462924882,-6.9425384845438,"2023-08-27","2023-08-31",NA,4,"2023-10-10",3,10,40,NA,44
"Loc6","Control",102,106.605462924882,-6.9425384845438,"2023-08-27","2023-08-31",NA,5,"2023-10-20",15,10,50,NA,54
"Loc6","Control",102,106.605462924882,-6.9425384845438,"2023-08-27","2023-08-31",NA,6,"2023-10-30",4,10,60,NA,64
"Loc6","Control",102,106.605462924882,-6.9425384845438,"2023-08-27","2023-08-31",NA,7,"2023-11-09",10,10,70,NA,74
"Loc6","Control",102,106.605462924882,-6.9425384845438,"2023-08-27","2023-08-31",NA,8,"2023-11-19",7,10,80,NA,84
"Loc6","Control",103,106.605333924882,-6.9416754845438,"2023-08-27","2023-08-31",NA,1,"2023-09-10",3,10,10,NA,14
"Loc6","Control",103,106.605333924882,-6.9416754845438,"2023-08-27","2023-08-31",NA,2,"2023-09-20",8,10,20,NA,24
"Loc6","Control",103,106.605333924882,-6.9416754845438,"2023-08-27","2023-08-31",NA,3,"2023-09-30",7,10,30,NA,34
"Loc6","Control",103,106.605333924882,-6.9416754845438,"2023-08-27","2023-08-31",NA,4,"2023-10-10",4,10,40,NA,44
"Loc6","Control",103,106.605333924882,-6.9416754845438,"2023-08-27","2023-08-31",NA,5,"2023-10-20",13,10,50,NA,54
"Loc6","Control",103,106.605333924882,-6.9416754845438,"2023-08-27","2023-08-31",NA,6,"2023-10-30",7,10,60,NA,64
"Loc6","Control",103,106.605333924882,-6.9416754845438,"2023-08-27","2023-08-31",NA,7,"2023-11-09",7,10,70,NA,74
"Loc6","Control",103,106.605333924882,-6.9416754845438,"2023-08-27","2023-08-31",NA,8,"2023-11-19",10,10,80,NA,84
"Loc6","Control",104,106.606418924882,-6.9414464845438,"2023-08-27","2023-08-31",NA,1,"2023-09-10",6,10,10,NA,14
"Loc6","Control",104,106.606418924882,-6.9414464845438,"2023-08-27","2023-08-31",NA,2,"2023-09-20",7,10,20,NA,24
"Loc6","Control",104,106.606418924882,-6.9414464845438,"2023-08-27","2023-08-31",NA,3,"2023-09-30",10,10,30,NA,34
"Loc6","Control",104,106.606418924882,-6.9414464845438,"2023-08-27","2023-08-31",NA,4,"2023-10-10",9,10,40,NA,44
"Loc6","Control",104,106.606418924882,-6.9414464845438,"2023-08-27","2023-08-31",NA,5,"2023-10-20",9,10,50,NA,54
"Loc6","Control",104,106.606418924882,-6.9414464845438,"2023-08-27","2023-08-31",NA,6,"2023-10-30",5,10,60,NA,64
"Loc6","Control",104,106.606418924882,-6.9414464845438,"2023-08-27","2023-08-31",NA,7,"2023-11-09",9,10,70,NA,74
"Loc6","Control",104,106.606418924882,-6.9414464845438,"2023-08-27","2023-08-31",NA,8,"2023-11-19",7,10,80,NA,84
"Loc8","Trt",201,110.830895497591,-7.386223941135,"2023-08-24","2023-08-27","2023-08-27",1,"2023-09-06",0,10,10,10,13
"Loc8","Trt",201,110.830895497591,-7.386223941135,"2023-08-24","2023-08-27","2023-08-27",2,"2023-09-16",3,10,20,20,23
"Loc8","Trt",201,110.830895497591,-7.386223941135,"2023-08-24","2023-08-27","2023-08-27",3,"2023-09-26",2,10,30,30,33
"Loc8","Trt",201,110.830895497591,-7.386223941135,"2023-08-24","2023-08-27","2023-08-27",4,"2023-10-06",3,10,40,40,43
"Loc8","Trt",201,110.830895497591,-7.386223941135,"2023-08-24","2023-08-27","2023-08-27",5,"2023-10-16",4,10,50,50,53
"Loc8","Trt",201,110.830895497591,-7.386223941135,"2023-08-24","2023-08-27","2023-08-27",6,"2023-10-27",4,11,61,61,64
"Loc8","Trt",201,110.830895497591,-7.386223941135,"2023-08-24","2023-08-27","2023-08-27",7,"2023-11-07",3,11,72,72,75
"Loc8","Trt",201,110.830895497591,-7.386223941135,"2023-08-24","2023-08-27","2023-08-27",8,"2023-11-15",3,8,80,80,83
"Loc8","Trt",202,110.829899497591,-7.386105941135,"2023-08-24","2023-08-27","2023-08-27",1,"2023-09-06",0,10,10,10,13
"Loc8","Trt",202,110.829899497591,-7.386105941135,"2023-08-24","2023-08-27","2023-08-27",2,"2023-09-16",3,10,20,20,23
"Loc8","Trt",202,110.829899497591,-7.386105941135,"2023-08-24","2023-08-27","2023-08-27",3,"2023-09-26",5,10,30,30,33
"Loc8","Trt",202,110.829899497591,-7.386105941135,"2023-08-24","2023-08-27","2023-08-27",4,"2023-10-06",3,10,40,40,43
"Loc8","Trt",202,110.829899497591,-7.386105941135,"2023-08-24","2023-08-27","2023-08-27",5,"2023-10-16",5,10,50,50,53
"Loc8","Trt",202,110.829899497591,-7.386105941135,"2023-08-24","2023-08-27","2023-08-27",6,"2023-10-27",2,11,61,61,64
"Loc8","Trt",202,110.829899497591,-7.386105941135,"2023-08-24","2023-08-27","2023-08-27",7,"2023-11-07",0,11,72,72,75
"Loc8","Trt",202,110.829899497591,-7.386105941135,"2023-08-24","2023-08-27","2023-08-27",8,"2023-11-15",10,8,80,80,83
"Loc8","Trt",203,110.829694497591,-7.385158941135,"2023-08-24","2023-08-27","2023-08-27",1,"2023-09-06",0,10,10,10,13
"Loc8","Trt",203,110.829694497591,-7.385158941135,"2023-08-24","2023-08-27","2023-08-27",2,"2023-09-16",5,10,20,20,23
"Loc8","Trt",203,110.829694497591,-7.385158941135,"2023-08-24","2023-08-27","2023-08-27",3,"2023-09-26",2,10,30,30,33
"Loc8","Trt",203,110.829694497591,-7.385158941135,"2023-08-24","2023-08-27","2023-08-27",4,"2023-10-06",2,10,40,40,43
"Loc8","Trt",203,110.829694497591,-7.385158941135,"2023-08-24","2023-08-27","2023-08-27",5,"2023-10-16",3,10,50,50,53
"Loc8","Trt",203,110.829694497591,-7.385158941135,"2023-08-24","2023-08-27","2023-08-27",6,"2023-10-27",3,11,61,61,64
"Loc8","Trt",203,110.829694497591,-7.385158941135,"2023-08-24","2023-08-27","2023-08-27",7,"2023-11-07",1,11,72,72,75
"Loc8","Trt",203,110.829694497591,-7.385158941135,"2023-08-24","2023-08-27","2023-08-27",8,"2023-11-15",3,8,80,80,83
"Loc8","Trt",204,110.830678497591,-7.385307941135,"2023-08-24","2023-08-27","2023-08-27",1,"2023-09-06",0,10,10,10,13
"Loc8","Trt",204,110.830678497591,-7.385307941135,"2023-08-24","2023-08-27","2023-08-27",2,"2023-09-16",3,10,20,20,23
"Loc8","Trt",204,110.830678497591,-7.385307941135,"2023-08-24","2023-08-27","2023-08-27",3,"2023-09-26",4,10,30,30,33
"Loc8","Trt",204,110.830678497591,-7.385307941135,"2023-08-24","2023-08-27","2023-08-27",4,"2023-10-06",1,10,40,40,43
"Loc8","Trt",204,110.830678497591,-7.385307941135,"2023-08-24","2023-08-27","2023-08-27",5,"2023-10-16",5,10,50,50,53
"Loc8","Trt",204,110.830678497591,-7.385307941135,"2023-08-24","2023-08-27","2023-08-27",6,"2023-10-27",5,11,61,61,64
"Loc8","Trt",204,110.830678497591,-7.385307941135,"2023-08-24","2023-08-27","2023-08-27",7,"2023-11-07",4,11,72,72,75
"Loc8","Trt",204,110.830678497591,-7.385307941135,"2023-08-24","2023-08-27","2023-08-27",8,"2023-11-15",3,8,80,80,83
"Loc8","Control",101,110.821395497591,-7.395288941135,"2023-08-26","2023-08-28",NA,1,"2023-09-07",4,10,10,NA,12
"Loc8","Control",101,110.821395497591,-7.395288941135,"2023-08-26","2023-08-28",NA,2,"2023-09-17",9,10,20,NA,22
"Loc8","Control",101,110.821395497591,-7.395288941135,"2023-08-26","2023-08-28",NA,3,"2023-09-27",7,10,30,NA,32
"Loc8","Control",101,110.821395497591,-7.395288941135,"2023-08-26","2023-08-28",NA,4,"2023-10-06",5,9,39,NA,41
"Loc8","Control",101,110.821395497591,-7.395288941135,"2023-08-26","2023-08-28",NA,5,"2023-10-17",2,11,50,NA,52
"Loc8","Control",101,110.821395497591,-7.395288941135,"2023-08-26","2023-08-28",NA,6,"2023-10-28",9,11,61,NA,63
"Loc8","Control",101,110.821395497591,-7.395288941135,"2023-08-26","2023-08-28",NA,7,"2023-11-09",7,12,73,NA,75
"Loc8","Control",101,110.821395497591,-7.395288941135,"2023-08-26","2023-08-28",NA,8,"2023-11-16",14,7,80,NA,82
"Loc8","Control",102,110.820431497591,-7.395269941135,"2023-08-26","2023-08-28",NA,1,"2023-09-07",5,10,10,NA,12
"Loc8","Control",102,110.820431497591,-7.395269941135,"2023-08-26","2023-08-28",NA,2,"2023-09-17",4,10,20,NA,22
"Loc8","Control",102,110.820431497591,-7.395269941135,"2023-08-26","2023-08-28",NA,3,"2023-09-27",4,10,30,NA,32
"Loc8","Control",102,110.820431497591,-7.395269941135,"2023-08-26","2023-08-28",NA,4,"2023-10-06",7,9,39,NA,41
"Loc8","Control",102,110.820431497591,-7.395269941135,"2023-08-26","2023-08-28",NA,5,"2023-10-17",5,11,50,NA,52
"Loc8","Control",102,110.820431497591,-7.395269941135,"2023-08-26","2023-08-28",NA,6,"2023-10-28",9,11,61,NA,63
"Loc8","Control",102,110.820431497591,-7.395269941135,"2023-08-26","2023-08-28",NA,7,"2023-11-09",6,12,73,NA,75
"Loc8","Control",102,110.820431497591,-7.395269941135,"2023-08-26","2023-08-28",NA,8,"2023-11-16",18,7,80,NA,82
"Loc8","Control",103,110.820221497591,-7.394350941135,"2023-08-26","2023-08-28",NA,1,"2023-09-07",4,10,10,NA,12
"Loc8","Control",103,110.820221497591,-7.394350941135,"2023-08-26","2023-08-28",NA,2,"2023-09-17",6,10,20,NA,22
"Loc8","Control",103,110.820221497591,-7.394350941135,"2023-08-26","2023-08-28",NA,3,"2023-09-27",6,10,30,NA,32
"Loc8","Control",103,110.820221497591,-7.394350941135,"2023-08-26","2023-08-28",NA,4,"2023-10-06",10,9,39,NA,41
"Loc8","Control",103,110.820221497591,-7.394350941135,"2023-08-26","2023-08-28",NA,5,"2023-10-17",4,11,50,NA,52
"Loc8","Control",103,110.820221497591,-7.394350941135,"2023-08-26","2023-08-28",NA,6,"2023-10-28",10,11,61,NA,63
"Loc8","Control",103,110.820221497591,-7.394350941135,"2023-08-26","2023-08-28",NA,7,"2023-11-09",7,12,73,NA,75
"Loc8","Control",103,110.820221497591,-7.394350941135,"2023-08-26","2023-08-28",NA,8,"2023-11-16",10,7,80,NA,82
"Loc8","Control",104,110.821229497591,-7.394386941135,"2023-08-26","2023-08-28",NA,1,"2023-09-07",6,10,10,NA,12
"Loc8","Control",104,110.821229497591,-7.394386941135,"2023-08-26","2023-08-28",NA,2,"2023-09-17",7,10,20,NA,22
"Loc8","Control",104,110.821229497591,-7.394386941135,"2023-08-26","2023-08-28",NA,3,"2023-09-27",3,10,30,NA,32
"Loc8","Control",104,110.821229497591,-7.394386941135,"2023-08-26","2023-08-28",NA,4,"2023-10-06",8,9,39,NA,41
"Loc8","Control",104,110.821229497591,-7.394386941135,"2023-08-26","2023-08-28",NA,5,"2023-10-17",11,11,50,NA,52
"Loc8","Control",104,110.821229497591,-7.394386941135,"2023-08-26","2023-08-28",NA,6,"2023-10-28",12,11,61,NA,63
"Loc8","Control",104,110.821229497591,-7.394386941135,"2023-08-26","2023-08-28",NA,7,"2023-11-09",6,12,73,NA,75
"Loc8","Control",104,110.821229497591,-7.394386941135,"2023-08-26","2023-08-28",NA,8,"2023-11-16",16,7,80,NA,82
