"","Location","Treatment","TrapID","Longitude","Latitude","TransplantDate","TrapInstallDate","DispInstallDate","AssessmentNumber","SamplingDate","nYSB","DaysOfCatch","DATI","DADI","DAT"
"1","Loc9","trt A","201",111.602790990648,-7.23363413322164,"2023-08-06","2023-08-13","2023-08-13",1,"2023-08-23",4,10,10,10,17
"2","Loc9","trt A","201",111.602790990648,-7.23363413322164,"2023-08-06","2023-08-13","2023-08-13",2,"2023-09-03",6,11,21,21,28
"3","Loc9","trt A","201",111.602790990648,-7.23363413322164,"2023-08-06","2023-08-13","2023-08-13",3,"2023-09-12",6,9,30,30,37
"4","Loc9","trt A","201",111.602790990648,-7.23363413322164,"2023-08-06","2023-08-13","2023-08-13",4,"2023-09-23",24,11,41,41,48
"5","Loc9","trt A","201",111.602790990648,-7.23363413322164,"2023-08-06","2023-08-13","2023-08-13",5,"2023-10-02",43,9,50,50,57
"6","Loc9","trt A","201",111.602790990648,-7.23363413322164,"2023-08-06","2023-08-13","2023-08-13",6,"2023-10-12",6,10,60,60,67
"7","Loc9","trt A","201",111.602790990648,-7.23363413322164,"2023-08-06","2023-08-13","2023-08-13",7,"2023-10-22",6,10,70,70,77
"8","Loc9","trt A","201",111.602790990648,-7.23363413322164,"2023-08-06","2023-08-13","2023-08-13",8,"2023-10-31",3,9,79,79,86
"9","Loc9","trt A","202",111.601875990648,-7.23329013322164,"2023-08-06","2023-08-13","2023-08-13",1,"2023-08-23",10,10,10,10,17
"10","Loc9","trt A","202",111.601875990648,-7.23329013322164,"2023-08-06","2023-08-13","2023-08-13",2,"2023-09-03",16,11,21,21,28
"11","Loc9","trt A","202",111.601875990648,-7.23329013322164,"2023-08-06","2023-08-13","2023-08-13",3,"2023-09-12",4,9,30,30,37
"12","Loc9","trt A","202",111.601875990648,-7.23329013322164,"2023-08-06","2023-08-13","2023-08-13",4,"2023-09-23",19,11,41,41,48
"13","Loc9","trt A","202",111.601875990648,-7.23329013322164,"2023-08-06","2023-08-13","2023-08-13",5,"2023-10-02",51,9,50,50,57
"14","Loc9","trt A","202",111.601875990648,-7.23329013322164,"2023-08-06","2023-08-13","2023-08-13",6,"2023-10-12",14,10,60,60,67
"15","Loc9","trt A","202",111.601875990648,-7.23329013322164,"2023-08-06","2023-08-13","2023-08-13",7,"2023-10-22",5,10,70,70,77
"16","Loc9","trt A","202",111.601875990648,-7.23329013322164,"2023-08-06","2023-08-13","2023-08-13",8,"2023-10-31",4,9,79,79,86
"17","Loc9","trt A","203",111.601596990648,-7.23420813322164,"2023-08-06","2023-08-13","2023-08-13",1,"2023-08-23",2,10,10,10,17
"18","Loc9","trt A","203",111.601596990648,-7.23420813322164,"2023-08-06","2023-08-13","2023-08-13",2,"2023-09-03",2,11,21,21,28
"19","Loc9","trt A","203",111.601596990648,-7.23420813322164,"2023-08-06","2023-08-13","2023-08-13",3,"2023-09-12",9,9,30,30,37
"20","Loc9","trt A","203",111.601596990648,-7.23420813322164,"2023-08-06","2023-08-13","2023-08-13",4,"2023-09-23",20,11,41,41,48
"21","Loc9","trt A","203",111.601596990648,-7.23420813322164,"2023-08-06","2023-08-13","2023-08-13",5,"2023-10-02",64,9,50,50,57
"22","Loc9","trt A","203",111.601596990648,-7.23420813322164,"2023-08-06","2023-08-13","2023-08-13",6,"2023-10-12",3,10,60,60,67
"23","Loc9","trt A","203",111.601596990648,-7.23420813322164,"2023-08-06","2023-08-13","2023-08-13",7,"2023-10-22",6,10,70,70,77
"24","Loc9","trt A","203",111.601596990648,-7.23420813322164,"2023-08-06","2023-08-13","2023-08-13",8,"2023-10-31",3,9,79,79,86
"25","Loc9","trt A","204",111.602450990648,-7.23449113322164,"2023-08-06","2023-08-13","2023-08-13",1,"2023-08-23",7,10,10,10,17
"26","Loc9","trt A","204",111.602450990648,-7.23449113322164,"2023-08-06","2023-08-13","2023-08-13",2,"2023-09-03",5,11,21,21,28
"27","Loc9","trt A","204",111.602450990648,-7.23449113322164,"2023-08-06","2023-08-13","2023-08-13",3,"2023-09-12",5,9,30,30,37
"28","Loc9","trt A","204",111.602450990648,-7.23449113322164,"2023-08-06","2023-08-13","2023-08-13",4,"2023-09-23",20,11,41,41,48
"29","Loc9","trt A","204",111.602450990648,-7.23449113322164,"2023-08-06","2023-08-13","2023-08-13",5,"2023-10-02",25,9,50,50,57
"30","Loc9","trt A","204",111.602450990648,-7.23449113322164,"2023-08-06","2023-08-13","2023-08-13",6,"2023-10-12",2,10,60,60,67
"31","Loc9","trt A","204",111.602450990648,-7.23449113322164,"2023-08-06","2023-08-13","2023-08-13",7,"2023-10-22",3,10,70,70,77
"32","Loc9","trt A","204",111.602450990648,-7.23449113322164,"2023-08-06","2023-08-13","2023-08-13",8,"2023-10-31",40,9,79,79,86
"33","Loc9","CGP","101",111.602220990648,-7.24248113322164,"2023-08-09","2023-08-15",NA,1,"2023-08-25",280,10,10,NA,16
"34","Loc9","CGP","101",111.602220990648,-7.24248113322164,"2023-08-09","2023-08-15",NA,2,"2023-09-05",94,11,21,NA,27
"35","Loc9","CGP","101",111.602220990648,-7.24248113322164,"2023-08-09","2023-08-15",NA,3,"2023-09-14",137,9,30,NA,36
"36","Loc9","CGP","101",111.602220990648,-7.24248113322164,"2023-08-09","2023-08-15",NA,4,"2023-09-25",109,11,41,NA,47
"37","Loc9","CGP","101",111.602220990648,-7.24248113322164,"2023-08-09","2023-08-15",NA,5,"2023-10-04",117,9,50,NA,56
"38","Loc9","CGP","101",111.602220990648,-7.24248113322164,"2023-08-09","2023-08-15",NA,6,"2023-10-15",63,11,61,NA,67
"39","Loc9","CGP","101",111.602220990648,-7.24248113322164,"2023-08-09","2023-08-15",NA,7,"2023-10-24",60,9,70,NA,76
"40","Loc9","CGP","101",111.602220990648,-7.24248113322164,"2023-08-09","2023-08-15",NA,8,"2023-11-03",11,10,80,NA,86
"41","Loc9","CGP","102",111.601314990648,-7.24241313322164,"2023-08-09","2023-08-15",NA,1,"2023-08-25",281,10,10,NA,16
"42","Loc9","CGP","102",111.601314990648,-7.24241313322164,"2023-08-09","2023-08-15",NA,2,"2023-09-05",291,11,21,NA,27
"43","Loc9","CGP","102",111.601314990648,-7.24241313322164,"2023-08-09","2023-08-15",NA,3,"2023-09-14",160,9,30,NA,36
"44","Loc9","CGP","102",111.601314990648,-7.24241313322164,"2023-08-09","2023-08-15",NA,4,"2023-09-25",204,11,41,NA,47
"45","Loc9","CGP","102",111.601314990648,-7.24241313322164,"2023-08-09","2023-08-15",NA,5,"2023-10-04",102,9,50,NA,56
"46","Loc9","CGP","102",111.601314990648,-7.24241313322164,"2023-08-09","2023-08-15",NA,6,"2023-10-15",45,11,61,NA,67
"47","Loc9","CGP","102",111.601314990648,-7.24241313322164,"2023-08-09","2023-08-15",NA,7,"2023-10-24",44,9,70,NA,76
"48","Loc9","CGP","102",111.601314990648,-7.24241313322164,"2023-08-09","2023-08-15",NA,8,"2023-11-03",13,10,80,NA,86
"49","Loc9","CGP","103",111.601222990648,-7.24325113322164,"2023-08-09","2023-08-15",NA,1,"2023-08-25",401,10,10,NA,16
"50","Loc9","CGP","103",111.601222990648,-7.24325113322164,"2023-08-09","2023-08-15",NA,2,"2023-09-05",151,11,21,NA,27
"51","Loc9","CGP","103",111.601222990648,-7.24325113322164,"2023-08-09","2023-08-15",NA,3,"2023-09-14",92,9,30,NA,36
"52","Loc9","CGP","103",111.601222990648,-7.24325113322164,"2023-08-09","2023-08-15",NA,4,"2023-09-25",83,11,41,NA,47
"53","Loc9","CGP","103",111.601222990648,-7.24325113322164,"2023-08-09","2023-08-15",NA,5,"2023-10-04",84,9,50,NA,56
"54","Loc9","CGP","103",111.601222990648,-7.24325113322164,"2023-08-09","2023-08-15",NA,6,"2023-10-15",39,11,61,NA,67
"55","Loc9","CGP","103",111.601222990648,-7.24325113322164,"2023-08-09","2023-08-15",NA,7,"2023-10-24",31,9,70,NA,76
"56","Loc9","CGP","103",111.601222990648,-7.24325113322164,"2023-08-09","2023-08-15",NA,8,"2023-11-03",24,10,80,NA,86
"57","Loc9","CGP","104",111.602068990648,-7.24331513322164,"2023-08-09","2023-08-15",NA,1,"2023-08-25",356,10,10,NA,16
"58","Loc9","CGP","104",111.602068990648,-7.24331513322164,"2023-08-09","2023-08-15",NA,2,"2023-09-05",142,11,21,NA,27
"59","Loc9","CGP","104",111.602068990648,-7.24331513322164,"2023-08-09","2023-08-15",NA,3,"2023-09-14",101,9,30,NA,36
"60","Loc9","CGP","104",111.602068990648,-7.24331513322164,"2023-08-09","2023-08-15",NA,4,"2023-09-25",138,11,41,NA,47
"61","Loc9","CGP","104",111.602068990648,-7.24331513322164,"2023-08-09","2023-08-15",NA,5,"2023-10-04",85,9,50,NA,56
"62","Loc9","CGP","104",111.602068990648,-7.24331513322164,"2023-08-09","2023-08-15",NA,6,"2023-10-15",54,11,61,NA,67
"63","Loc9","CGP","104",111.602068990648,-7.24331513322164,"2023-08-09","2023-08-15",NA,7,"2023-10-24",35,9,70,NA,76
"64","Loc9","CGP","104",111.602068990648,-7.24331513322164,"2023-08-09","2023-08-15",NA,8,"2023-11-03",25,10,80,NA,86
"65","Loc10","trt A","201",111.616275792978,-7.13534449599639,"2023-09-09","2023-09-10","2023-09-10",1,"2023-09-20",45,10,10,10,11
"66","Loc10","trt A","201",111.616275792978,-7.13534449599639,"2023-09-09","2023-09-10","2023-09-10",2,"2023-09-30",24,10,20,20,21
"67","Loc10","trt A","201",111.616275792978,-7.13534449599639,"2023-09-09","2023-09-10","2023-09-10",3,"2023-10-10",2,10,30,30,31
"68","Loc10","trt A","201",111.616275792978,-7.13534449599639,"2023-09-09","2023-09-10","2023-09-10",4,"2023-10-20",1,10,40,40,41
"69","Loc10","trt A","201",111.616275792978,-7.13534449599639,"2023-09-09","2023-09-10","2023-09-10",5,"2023-10-30",19,10,50,50,51
"70","Loc10","trt A","201",111.616275792978,-7.13534449599639,"2023-09-09","2023-09-10","2023-09-10",6,"2023-11-10",14,11,61,61,62
"71","Loc10","trt A","201",111.616275792978,-7.13534449599639,"2023-09-09","2023-09-10","2023-09-10",7,"2023-11-19",5,9,70,70,71
"72","Loc10","trt A","202",111.615276792978,-7.13538849599639,"2023-09-09","2023-09-10","2023-09-10",1,"2023-09-20",9,10,10,10,11
"73","Loc10","trt A","202",111.615276792978,-7.13538849599639,"2023-09-09","2023-09-10","2023-09-10",2,"2023-09-30",4,10,20,20,21
"74","Loc10","trt A","202",111.615276792978,-7.13538849599639,"2023-09-09","2023-09-10","2023-09-10",3,"2023-10-10",9,10,30,30,31
"75","Loc10","trt A","202",111.615276792978,-7.13538849599639,"2023-09-09","2023-09-10","2023-09-10",4,"2023-10-20",3,10,40,40,41
"76","Loc10","trt A","202",111.615276792978,-7.13538849599639,"2023-09-09","2023-09-10","2023-09-10",5,"2023-10-30",11,10,50,50,51
"77","Loc10","trt A","202",111.615276792978,-7.13538849599639,"2023-09-09","2023-09-10","2023-09-10",6,"2023-11-10",26,11,61,61,62
"78","Loc10","trt A","202",111.615276792978,-7.13538849599639,"2023-09-09","2023-09-10","2023-09-10",7,"2023-11-19",11,9,70,70,71
"79","Loc10","trt A","203",111.615357792978,-7.13642349599639,"2023-09-09","2023-09-10","2023-09-10",1,"2023-09-20",1,10,10,10,11
"80","Loc10","trt A","203",111.615357792978,-7.13642349599639,"2023-09-09","2023-09-10","2023-09-10",2,"2023-09-30",5,10,20,20,21
"81","Loc10","trt A","203",111.615357792978,-7.13642349599639,"2023-09-09","2023-09-10","2023-09-10",3,"2023-10-10",4,10,30,30,31
"82","Loc10","trt A","203",111.615357792978,-7.13642349599639,"2023-09-09","2023-09-10","2023-09-10",4,"2023-10-20",3,10,40,40,41
"83","Loc10","trt A","203",111.615357792978,-7.13642349599639,"2023-09-09","2023-09-10","2023-09-10",5,"2023-10-30",9,10,50,50,51
"84","Loc10","trt A","203",111.615357792978,-7.13642349599639,"2023-09-09","2023-09-10","2023-09-10",6,"2023-11-10",13,11,61,61,62
"85","Loc10","trt A","203",111.615357792978,-7.13642349599639,"2023-09-09","2023-09-10","2023-09-10",7,"2023-11-19",8,9,70,70,71
"86","Loc10","trt A","204",111.616376792978,-7.13635549599639,"2023-09-09","2023-09-10","2023-09-10",1,"2023-09-20",8,10,10,10,11
"87","Loc10","trt A","204",111.616376792978,-7.13635549599639,"2023-09-09","2023-09-10","2023-09-10",2,"2023-09-30",19,10,20,20,21
"88","Loc10","trt A","204",111.616376792978,-7.13635549599639,"2023-09-09","2023-09-10","2023-09-10",3,"2023-10-10",6,10,30,30,31
"89","Loc10","trt A","204",111.616376792978,-7.13635549599639,"2023-09-09","2023-09-10","2023-09-10",4,"2023-10-20",2,10,40,40,41
"90","Loc10","trt A","204",111.616376792978,-7.13635549599639,"2023-09-09","2023-09-10","2023-09-10",5,"2023-10-30",4,10,50,50,51
"91","Loc10","trt A","204",111.616376792978,-7.13635549599639,"2023-09-09","2023-09-10","2023-09-10",6,"2023-11-10",31,11,61,61,62
"92","Loc10","trt A","204",111.616376792978,-7.13635549599639,"2023-09-09","2023-09-10","2023-09-10",7,"2023-11-19",18,9,70,70,71
"93","Loc10","CGP","101",111.621265792978,-7.13535349599639,"2023-09-04","2023-09-08",NA,1,"2023-09-18",13,10,10,NA,14
"94","Loc10","CGP","101",111.621265792978,-7.13535349599639,"2023-09-04","2023-09-08",NA,2,"2023-09-28",364,10,20,NA,24
"95","Loc10","CGP","101",111.621265792978,-7.13535349599639,"2023-09-04","2023-09-08",NA,3,"2023-10-08",102,10,30,NA,34
"96","Loc10","CGP","101",111.621265792978,-7.13535349599639,"2023-09-04","2023-09-08",NA,4,"2023-10-18",22,10,40,NA,44
"97","Loc10","CGP","101",111.621265792978,-7.13535349599639,"2023-09-04","2023-09-08",NA,5,"2023-10-28",47,10,50,NA,54
"98","Loc10","CGP","101",111.621265792978,-7.13535349599639,"2023-09-04","2023-09-08",NA,6,"2023-11-08",48,11,61,NA,65
"99","Loc10","CGP","101",111.621265792978,-7.13535349599639,"2023-09-04","2023-09-08",NA,7,"2023-11-17",74,9,70,NA,74
"100","Loc10","CGP","102",111.620317792978,-7.13534149599639,"2023-09-04","2023-09-08",NA,1,"2023-09-18",292,10,10,NA,14
"101","Loc10","CGP","102",111.620317792978,-7.13534149599639,"2023-09-04","2023-09-08",NA,2,"2023-09-28",429,10,20,NA,24
"102","Loc10","CGP","102",111.620317792978,-7.13534149599639,"2023-09-04","2023-09-08",NA,3,"2023-10-08",95,10,30,NA,34
"103","Loc10","CGP","102",111.620317792978,-7.13534149599639,"2023-09-04","2023-09-08",NA,4,"2023-10-18",23,10,40,NA,44
"104","Loc10","CGP","102",111.620317792978,-7.13534149599639,"2023-09-04","2023-09-08",NA,5,"2023-10-28",55,10,50,NA,54
"105","Loc10","CGP","102",111.620317792978,-7.13534149599639,"2023-09-04","2023-09-08",NA,6,"2023-11-08",84,11,61,NA,65
"106","Loc10","CGP","102",111.620317792978,-7.13534149599639,"2023-09-04","2023-09-08",NA,7,"2023-11-17",57,9,70,NA,74
"107","Loc10","CGP","103",111.621352792978,-7.13621249599639,"2023-09-04","2023-09-08",NA,1,"2023-09-18",272,10,10,NA,14
"108","Loc10","CGP","103",111.621352792978,-7.13621249599639,"2023-09-04","2023-09-08",NA,2,"2023-09-28",323,10,20,NA,24
"109","Loc10","CGP","103",111.621352792978,-7.13621249599639,"2023-09-04","2023-09-08",NA,3,"2023-10-08",67,10,30,NA,34
"110","Loc10","CGP","103",111.621352792978,-7.13621249599639,"2023-09-04","2023-09-08",NA,4,"2023-10-18",12,10,40,NA,44
"111","Loc10","CGP","103",111.621352792978,-7.13621249599639,"2023-09-04","2023-09-08",NA,5,"2023-10-28",8,10,50,NA,54
"112","Loc10","CGP","103",111.621352792978,-7.13621249599639,"2023-09-04","2023-09-08",NA,6,"2023-11-08",64,11,61,NA,65
"113","Loc10","CGP","103",111.621352792978,-7.13621249599639,"2023-09-04","2023-09-08",NA,7,"2023-11-17",32,9,70,NA,74
"114","Loc10","CGP","104",111.620353792978,-7.13627949599639,"2023-09-04","2023-09-08",NA,1,"2023-09-18",134,10,10,NA,14
"115","Loc10","CGP","104",111.620353792978,-7.13627949599639,"2023-09-04","2023-09-08",NA,2,"2023-09-28",228,10,20,NA,24
"116","Loc10","CGP","104",111.620353792978,-7.13627949599639,"2023-09-04","2023-09-08",NA,3,"2023-10-08",78,10,30,NA,34
"117","Loc10","CGP","104",111.620353792978,-7.13627949599639,"2023-09-04","2023-09-08",NA,4,"2023-10-18",18,10,40,NA,44
"118","Loc10","CGP","104",111.620353792978,-7.13627949599639,"2023-09-04","2023-09-08",NA,5,"2023-10-28",31,10,50,NA,54
"119","Loc10","CGP","104",111.620353792978,-7.13627949599639,"2023-09-04","2023-09-08",NA,6,"2023-11-08",52,11,61,NA,65
"120","Loc10","CGP","104",111.620353792978,-7.13627949599639,"2023-09-04","2023-09-08",NA,7,"2023-11-17",41,9,70,NA,74
"121","Loc7","trt A","201",111.004190435157,-7.42176747192043,"2023-08-12","2023-08-17","2023-08-16",1,"2023-08-26",0,9,9,10,14
"122","Loc7","trt A","201",111.004190435157,-7.42176747192043,"2023-08-12","2023-08-17","2023-08-16",2,"2023-09-05",7,10,19,20,24
"123","Loc7","trt A","201",111.004190435157,-7.42176747192043,"2023-08-12","2023-08-17","2023-08-16",3,"2023-09-15",13,10,29,30,34
"124","Loc7","trt A","201",111.004190435157,-7.42176747192043,"2023-08-12","2023-08-17","2023-08-16",4,"2023-09-25",1,10,39,40,44
"125","Loc7","trt A","201",111.004190435157,-7.42176747192043,"2023-08-12","2023-08-17","2023-08-16",5,"2023-10-06",2,11,50,51,55
"126","Loc7","trt A","201",111.004190435157,-7.42176747192043,"2023-08-12","2023-08-17","2023-08-16",6,"2023-10-15",3,9,59,60,64
"127","Loc7","trt A","201",111.004190435157,-7.42176747192043,"2023-08-12","2023-08-17","2023-08-16",7,"2023-10-25",7,10,69,70,74
"128","Loc7","trt A","201",111.004190435157,-7.42176747192043,"2023-08-12","2023-08-17","2023-08-16",8,"2023-11-04",5,10,79,80,84
"129","Loc7","trt A","201",111.004190435157,-7.42176747192043,"2023-08-12","2023-08-17","2023-08-16",9,"2023-11-14",0,10,89,90,94
"130","Loc7","trt A","201",111.004190435157,-7.42176747192043,"2023-08-12","2023-08-17","2023-08-16",10,"2023-11-24",11,10,99,100,104
"131","Loc7","trt A","202",111.004854435157,-7.42113647192043,"2023-08-12","2023-08-17","2023-08-16",1,"2023-08-26",0,9,9,10,14
"132","Loc7","trt A","202",111.004854435157,-7.42113647192043,"2023-08-12","2023-08-17","2023-08-16",2,"2023-09-05",1,10,19,20,24
"133","Loc7","trt A","202",111.004854435157,-7.42113647192043,"2023-08-12","2023-08-17","2023-08-16",3,"2023-09-15",10,10,29,30,34
"134","Loc7","trt A","202",111.004854435157,-7.42113647192043,"2023-08-12","2023-08-17","2023-08-16",4,"2023-09-25",4,10,39,40,44
"135","Loc7","trt A","202",111.004854435157,-7.42113647192043,"2023-08-12","2023-08-17","2023-08-16",5,"2023-10-06",2,11,50,51,55
"136","Loc7","trt A","202",111.004854435157,-7.42113647192043,"2023-08-12","2023-08-17","2023-08-16",6,"2023-10-15",9,9,59,60,64
"137","Loc7","trt A","202",111.004854435157,-7.42113647192043,"2023-08-12","2023-08-17","2023-08-16",7,"2023-10-25",6,10,69,70,74
"138","Loc7","trt A","202",111.004854435157,-7.42113647192043,"2023-08-12","2023-08-17","2023-08-16",8,"2023-11-04",4,10,79,80,84
"139","Loc7","trt A","202",111.004854435157,-7.42113647192043,"2023-08-12","2023-08-17","2023-08-16",9,"2023-11-14",0,10,89,90,94
"140","Loc7","trt A","202",111.004854435157,-7.42113647192043,"2023-08-12","2023-08-17","2023-08-16",10,"2023-11-24",6,10,99,100,104
"141","Loc7","trt A","203",111.004074435157,-7.42052847192043,"2023-08-12","2023-08-17","2023-08-16",1,"2023-08-26",1,9,9,10,14
"142","Loc7","trt A","203",111.004074435157,-7.42052847192043,"2023-08-12","2023-08-17","2023-08-16",2,"2023-09-05",2,10,19,20,24
"143","Loc7","trt A","203",111.004074435157,-7.42052847192043,"2023-08-12","2023-08-17","2023-08-16",3,"2023-09-15",5,10,29,30,34
"144","Loc7","trt A","203",111.004074435157,-7.42052847192043,"2023-08-12","2023-08-17","2023-08-16",4,"2023-09-25",1,10,39,40,44
"145","Loc7","trt A","203",111.004074435157,-7.42052847192043,"2023-08-12","2023-08-17","2023-08-16",5,"2023-10-06",2,11,50,51,55
"146","Loc7","trt A","203",111.004074435157,-7.42052847192043,"2023-08-12","2023-08-17","2023-08-16",6,"2023-10-15",1,9,59,60,64
"147","Loc7","trt A","203",111.004074435157,-7.42052847192043,"2023-08-12","2023-08-17","2023-08-16",7,"2023-10-25",14,10,69,70,74
"148","Loc7","trt A","203",111.004074435157,-7.42052847192043,"2023-08-12","2023-08-17","2023-08-16",8,"2023-11-04",5,10,79,80,84
"149","Loc7","trt A","203",111.004074435157,-7.42052847192043,"2023-08-12","2023-08-17","2023-08-16",9,"2023-11-14",2,10,89,90,94
"150","Loc7","trt A","203",111.004074435157,-7.42052847192043,"2023-08-12","2023-08-17","2023-08-16",10,"2023-11-24",3,10,99,100,104
"151","Loc7","trt A","204",111.003413435157,-7.42118447192043,"2023-08-12","2023-08-17","2023-08-16",1,"2023-08-26",0,9,9,10,14
"152","Loc7","trt A","204",111.003413435157,-7.42118447192043,"2023-08-12","2023-08-17","2023-08-16",2,"2023-09-05",12,10,19,20,24
"153","Loc7","trt A","204",111.003413435157,-7.42118447192043,"2023-08-12","2023-08-17","2023-08-16",3,"2023-09-15",46,10,29,30,34
"154","Loc7","trt A","204",111.003413435157,-7.42118447192043,"2023-08-12","2023-08-17","2023-08-16",4,"2023-09-25",5,10,39,40,44
"155","Loc7","trt A","204",111.003413435157,-7.42118447192043,"2023-08-12","2023-08-17","2023-08-16",5,"2023-10-06",1,11,50,51,55
"156","Loc7","trt A","204",111.003413435157,-7.42118447192043,"2023-08-12","2023-08-17","2023-08-16",6,"2023-10-15",2,9,59,60,64
"157","Loc7","trt A","204",111.003413435157,-7.42118447192043,"2023-08-12","2023-08-17","2023-08-16",7,"2023-10-25",6,10,69,70,74
"158","Loc7","trt A","204",111.003413435157,-7.42118447192043,"2023-08-12","2023-08-17","2023-08-16",8,"2023-11-04",0,10,79,80,84
"159","Loc7","trt A","204",111.003413435157,-7.42118447192043,"2023-08-12","2023-08-17","2023-08-16",9,"2023-11-14",3,10,89,90,94
"160","Loc7","trt A","204",111.003413435157,-7.42118447192043,"2023-08-12","2023-08-17","2023-08-16",10,"2023-11-24",20,10,99,100,104
"161","Loc7","CGP","101",110.997221435157,-7.42177847192043,"2023-08-12","2023-08-17","2023-08-15",1,"2023-08-25",40,8,8,10,13
"162","Loc7","CGP","101",110.997221435157,-7.42177847192043,"2023-08-12","2023-08-17","2023-08-15",2,"2023-09-04",287,10,18,20,23
"163","Loc7","CGP","101",110.997221435157,-7.42177847192043,"2023-08-12","2023-08-17","2023-08-15",3,"2023-09-14",84,10,28,30,33
"164","Loc7","CGP","101",110.997221435157,-7.42177847192043,"2023-08-12","2023-08-17","2023-08-15",4,"2023-09-24",37,10,38,40,43
"165","Loc7","CGP","101",110.997221435157,-7.42177847192043,"2023-08-12","2023-08-17","2023-08-15",5,"2023-10-05",9,11,49,51,54
"166","Loc7","CGP","101",110.997221435157,-7.42177847192043,"2023-08-12","2023-08-17","2023-08-15",6,"2023-10-14",15,9,58,60,63
"167","Loc7","CGP","101",110.997221435157,-7.42177847192043,"2023-08-12","2023-08-17","2023-08-15",7,"2023-10-24",11,10,68,70,73
"168","Loc7","CGP","101",110.997221435157,-7.42177847192043,"2023-08-12","2023-08-17","2023-08-15",8,"2023-11-04",23,11,79,81,84
"169","Loc7","CGP","101",110.997221435157,-7.42177847192043,"2023-08-12","2023-08-17","2023-08-15",9,"2023-11-14",6,10,89,91,94
"170","Loc7","CGP","101",110.997221435157,-7.42177847192043,"2023-08-12","2023-08-17","2023-08-15",10,"2023-11-24",18,10,99,101,104
"171","Loc7","CGP","102",110.998138435157,-7.42163447192043,"2023-08-12","2023-08-17","2023-08-15",1,"2023-08-25",56,8,8,10,13
"172","Loc7","CGP","102",110.998138435157,-7.42163447192043,"2023-08-12","2023-08-17","2023-08-15",2,"2023-09-04",173,10,18,20,23
"173","Loc7","CGP","102",110.998138435157,-7.42163447192043,"2023-08-12","2023-08-17","2023-08-15",3,"2023-09-14",99,10,28,30,33
"174","Loc7","CGP","102",110.998138435157,-7.42163447192043,"2023-08-12","2023-08-17","2023-08-15",4,"2023-09-24",49,10,38,40,43
"175","Loc7","CGP","102",110.998138435157,-7.42163447192043,"2023-08-12","2023-08-17","2023-08-15",5,"2023-10-05",6,11,49,51,54
"176","Loc7","CGP","102",110.998138435157,-7.42163447192043,"2023-08-12","2023-08-17","2023-08-15",6,"2023-10-14",28,9,58,60,63
"177","Loc7","CGP","102",110.998138435157,-7.42163447192043,"2023-08-12","2023-08-17","2023-08-15",7,"2023-10-24",48,10,68,70,73
"178","Loc7","CGP","102",110.998138435157,-7.42163447192043,"2023-08-12","2023-08-17","2023-08-15",8,"2023-11-04",21,11,79,81,84
"179","Loc7","CGP","102",110.998138435157,-7.42163447192043,"2023-08-12","2023-08-17","2023-08-15",9,"2023-11-14",14,10,89,91,94
"180","Loc7","CGP","102",110.998138435157,-7.42163447192043,"2023-08-12","2023-08-17","2023-08-15",10,"2023-11-24",19,10,99,101,104
"181","Loc7","CGP","103",110.997988435157,-7.42073147192043,"2023-08-12","2023-08-17","2023-08-15",1,"2023-08-25",58,8,8,10,13
"182","Loc7","CGP","103",110.997988435157,-7.42073147192043,"2023-08-12","2023-08-17","2023-08-15",2,"2023-09-04",309,10,18,20,23
"183","Loc7","CGP","103",110.997988435157,-7.42073147192043,"2023-08-12","2023-08-17","2023-08-15",3,"2023-09-14",98,10,28,30,33
"184","Loc7","CGP","103",110.997988435157,-7.42073147192043,"2023-08-12","2023-08-17","2023-08-15",4,"2023-09-24",62,10,38,40,43
"185","Loc7","CGP","103",110.997988435157,-7.42073147192043,"2023-08-12","2023-08-17","2023-08-15",5,"2023-10-05",7,11,49,51,54
"186","Loc7","CGP","103",110.997988435157,-7.42073147192043,"2023-08-12","2023-08-17","2023-08-15",6,"2023-10-14",19,9,58,60,63
"187","Loc7","CGP","103",110.997988435157,-7.42073147192043,"2023-08-12","2023-08-17","2023-08-15",7,"2023-10-24",29,10,68,70,73
"188","Loc7","CGP","103",110.997988435157,-7.42073147192043,"2023-08-12","2023-08-17","2023-08-15",8,"2023-11-04",38,11,79,81,84
"189","Loc7","CGP","103",110.997988435157,-7.42073147192043,"2023-08-12","2023-08-17","2023-08-15",9,"2023-11-14",12,10,89,91,94
"190","Loc7","CGP","103",110.997988435157,-7.42073147192043,"2023-08-12","2023-08-17","2023-08-15",10,"2023-11-24",22,10,99,101,104
"191","Loc7","CGP","104",110.997038435157,-7.42096447192043,"2023-08-12","2023-08-17","2023-08-15",1,"2023-08-25",47,8,8,10,13
"192","Loc7","CGP","104",110.997038435157,-7.42096447192043,"2023-08-12","2023-08-17","2023-08-15",2,"2023-09-04",194,10,18,20,23
"193","Loc7","CGP","104",110.997038435157,-7.42096447192043,"2023-08-12","2023-08-17","2023-08-15",3,"2023-09-14",161,10,28,30,33
"194","Loc7","CGP","104",110.997038435157,-7.42096447192043,"2023-08-12","2023-08-17","2023-08-15",4,"2023-09-24",57,10,38,40,43
"195","Loc7","CGP","104",110.997038435157,-7.42096447192043,"2023-08-12","2023-08-17","2023-08-15",5,"2023-10-06",9,12,50,52,55
"196","Loc7","CGP","104",110.997038435157,-7.42096447192043,"2023-08-12","2023-08-17","2023-08-15",6,"2023-10-14",9,8,58,60,63
"197","Loc7","CGP","104",110.997038435157,-7.42096447192043,"2023-08-12","2023-08-17","2023-08-15",7,"2023-10-24",31,10,68,70,73
"198","Loc7","CGP","104",110.997038435157,-7.42096447192043,"2023-08-12","2023-08-17","2023-08-15",8,"2023-11-04",13,11,79,81,84
"199","Loc7","CGP","104",110.997038435157,-7.42096447192043,"2023-08-12","2023-08-17","2023-08-15",9,"2023-11-14",9,10,89,91,94
"200","Loc7","CGP","104",110.997038435157,-7.42096447192043,"2023-08-12","2023-08-17","2023-08-15",10,"2023-11-24",7,10,99,101,104
"201","Loc2","trt A","201",107.164695417744,-6.18564415449607,"2023-08-10","2023-08-11","2023-08-11",1,"2023-08-21",1,10,10,10,11
"202","Loc2","trt A","201",107.164695417744,-6.18564415449607,"2023-08-10","2023-08-11","2023-08-11",2,"2023-08-31",2,10,20,20,21
"203","Loc2","trt A","201",107.164695417744,-6.18564415449607,"2023-08-10","2023-08-11","2023-08-11",3,"2023-09-10",2,10,30,30,31
"204","Loc2","trt A","201",107.164695417744,-6.18564415449607,"2023-08-10","2023-08-11","2023-08-11",4,"2023-09-20",2,10,40,40,41
"205","Loc2","trt A","201",107.164695417744,-6.18564415449607,"2023-08-10","2023-08-11","2023-08-11",5,"2023-09-30",9,10,50,50,51
"206","Loc2","trt A","201",107.164695417744,-6.18564415449607,"2023-08-10","2023-08-11","2023-08-11",6,"2023-10-10",1,10,60,60,61
"207","Loc2","trt A","201",107.164695417744,-6.18564415449607,"2023-08-10","2023-08-11","2023-08-11",7,"2023-10-20",2,10,70,70,71
"208","Loc2","trt A","201",107.164695417744,-6.18564415449607,"2023-08-10","2023-08-11","2023-08-11",8,"2023-10-30",15,10,80,80,81
"209","Loc2","trt A","202",107.165389417744,-6.18570215449607,"2023-08-10","2023-08-11","2023-08-11",1,"2023-08-21",0,10,10,10,11
"210","Loc2","trt A","202",107.165389417744,-6.18570215449607,"2023-08-10","2023-08-11","2023-08-11",2,"2023-08-31",0,10,20,20,21
"211","Loc2","trt A","202",107.165389417744,-6.18570215449607,"2023-08-10","2023-08-11","2023-08-11",3,"2023-09-10",0,10,30,30,31
"212","Loc2","trt A","202",107.165389417744,-6.18570215449607,"2023-08-10","2023-08-11","2023-08-11",4,"2023-09-20",0,10,40,40,41
"213","Loc2","trt A","202",107.165389417744,-6.18570215449607,"2023-08-10","2023-08-11","2023-08-11",5,"2023-09-30",9,10,50,50,51
"214","Loc2","trt A","202",107.165389417744,-6.18570215449607,"2023-08-10","2023-08-11","2023-08-11",6,"2023-10-10",1,10,60,60,61
"215","Loc2","trt A","202",107.165389417744,-6.18570215449607,"2023-08-10","2023-08-11","2023-08-11",7,"2023-10-20",1,10,70,70,71
"216","Loc2","trt A","202",107.165389417744,-6.18570215449607,"2023-08-10","2023-08-11","2023-08-11",8,"2023-10-30",6,10,80,80,81
"217","Loc2","trt A","203",107.165283417744,-6.18642315449607,"2023-08-10","2023-08-11","2023-08-11",1,"2023-08-21",1,10,10,10,11
"218","Loc2","trt A","203",107.165283417744,-6.18642315449607,"2023-08-10","2023-08-11","2023-08-11",2,"2023-08-31",2,10,20,20,21
"219","Loc2","trt A","203",107.165283417744,-6.18642315449607,"2023-08-10","2023-08-11","2023-08-11",3,"2023-09-10",0,10,30,30,31
"220","Loc2","trt A","203",107.165283417744,-6.18642315449607,"2023-08-10","2023-08-11","2023-08-11",4,"2023-09-20",1,10,40,40,41
"221","Loc2","trt A","203",107.165283417744,-6.18642315449607,"2023-08-10","2023-08-11","2023-08-11",5,"2023-09-30",1,10,50,50,51
"222","Loc2","trt A","203",107.165283417744,-6.18642315449607,"2023-08-10","2023-08-11","2023-08-11",6,"2023-10-10",0,10,60,60,61
"223","Loc2","trt A","203",107.165283417744,-6.18642315449607,"2023-08-10","2023-08-11","2023-08-11",7,"2023-10-20",1,10,70,70,71
"224","Loc2","trt A","203",107.165283417744,-6.18642315449607,"2023-08-10","2023-08-11","2023-08-11",8,"2023-10-30",6,10,80,80,81
"225","Loc2","trt A","204",107.164598417744,-6.18634715449607,"2023-08-10","2023-08-11","2023-08-11",1,"2023-08-21",0,10,10,10,11
"226","Loc2","trt A","204",107.164598417744,-6.18634715449607,"2023-08-10","2023-08-11","2023-08-11",2,"2023-08-31",1,10,20,20,21
"227","Loc2","trt A","204",107.164598417744,-6.18634715449607,"2023-08-10","2023-08-11","2023-08-11",3,"2023-09-10",0,10,30,30,31
"228","Loc2","trt A","204",107.164598417744,-6.18634715449607,"2023-08-10","2023-08-11","2023-08-11",4,"2023-09-20",2,10,40,40,41
"229","Loc2","trt A","204",107.164598417744,-6.18634715449607,"2023-08-10","2023-08-11","2023-08-11",5,"2023-09-30",8,10,50,50,51
"230","Loc2","trt A","204",107.164598417744,-6.18634715449607,"2023-08-10","2023-08-11","2023-08-11",6,"2023-10-10",2,10,60,60,61
"231","Loc2","trt A","204",107.164598417744,-6.18634715449607,"2023-08-10","2023-08-11","2023-08-11",7,"2023-10-20",2,10,70,70,71
"232","Loc2","trt A","204",107.164598417744,-6.18634715449607,"2023-08-10","2023-08-11","2023-08-11",8,"2023-10-30",3,10,80,80,81
"233","Loc2","CGP","101",107.169451417744,-6.17867115449607,"2023-08-10","2023-08-11","2023-08-11",1,"2023-08-21",26,10,10,10,11
"234","Loc2","CGP","101",107.169451417744,-6.17867115449607,"2023-08-10","2023-08-11","2023-08-11",2,"2023-08-31",15,10,20,20,21
"235","Loc2","CGP","101",107.169451417744,-6.17867115449607,"2023-08-10","2023-08-11","2023-08-11",3,"2023-09-10",151,10,30,30,31
"236","Loc2","CGP","101",107.169451417744,-6.17867115449607,"2023-08-10","2023-08-11","2023-08-11",4,"2023-09-20",74,10,40,40,41
"237","Loc2","CGP","101",107.169451417744,-6.17867115449607,"2023-08-10","2023-08-11","2023-08-11",5,"2023-09-30",97,10,50,50,51
"238","Loc2","CGP","101",107.169451417744,-6.17867115449607,"2023-08-10","2023-08-11","2023-08-11",6,"2023-10-10",132,10,60,60,61
"239","Loc2","CGP","101",107.169451417744,-6.17867115449607,"2023-08-10","2023-08-11","2023-08-11",7,"2023-10-20",32,10,70,70,71
"240","Loc2","CGP","101",107.169451417744,-6.17867115449607,"2023-08-10","2023-08-11","2023-08-11",8,"2023-10-30",43,10,80,80,81
"241","Loc2","CGP","102",107.170386417744,-6.17889715449607,"2023-08-10","2023-08-11","2023-08-11",1,"2023-08-21",54,10,10,10,11
"242","Loc2","CGP","102",107.170386417744,-6.17889715449607,"2023-08-10","2023-08-11","2023-08-11",2,"2023-08-31",14,10,20,20,21
"243","Loc2","CGP","102",107.170386417744,-6.17889715449607,"2023-08-10","2023-08-11","2023-08-11",3,"2023-09-10",85,10,30,30,31
"244","Loc2","CGP","102",107.170386417744,-6.17889715449607,"2023-08-10","2023-08-11","2023-08-11",4,"2023-09-20",99,10,40,40,41
"245","Loc2","CGP","102",107.170386417744,-6.17889715449607,"2023-08-10","2023-08-11","2023-08-11",5,"2023-09-30",89,10,50,50,51
"246","Loc2","CGP","102",107.170386417744,-6.17889715449607,"2023-08-10","2023-08-11","2023-08-11",6,"2023-10-10",69,10,60,60,61
"247","Loc2","CGP","102",107.170386417744,-6.17889715449607,"2023-08-10","2023-08-11","2023-08-11",7,"2023-10-20",26,10,70,70,71
"248","Loc2","CGP","102",107.170386417744,-6.17889715449607,"2023-08-10","2023-08-11","2023-08-11",8,"2023-10-30",38,10,80,80,81
"249","Loc2","CGP","103",107.170153417744,-6.17981415449607,"2023-08-10","2023-08-11","2023-08-11",1,"2023-08-21",28,10,10,10,11
"250","Loc2","CGP","103",107.170153417744,-6.17981415449607,"2023-08-10","2023-08-11","2023-08-11",2,"2023-08-31",10,10,20,20,21
"251","Loc2","CGP","103",107.170153417744,-6.17981415449607,"2023-08-10","2023-08-11","2023-08-11",3,"2023-09-10",118,10,30,30,31
"252","Loc2","CGP","103",107.170153417744,-6.17981415449607,"2023-08-10","2023-08-11","2023-08-11",4,"2023-09-20",90,10,40,40,41
"253","Loc2","CGP","103",107.170153417744,-6.17981415449607,"2023-08-10","2023-08-11","2023-08-11",5,"2023-09-30",112,10,50,50,51
"254","Loc2","CGP","103",107.170153417744,-6.17981415449607,"2023-08-10","2023-08-11","2023-08-11",6,"2023-10-10",108,10,60,60,61
"255","Loc2","CGP","103",107.170153417744,-6.17981415449607,"2023-08-10","2023-08-11","2023-08-11",7,"2023-10-20",25,10,70,70,71
"256","Loc2","CGP","103",107.170153417744,-6.17981415449607,"2023-08-10","2023-08-11","2023-08-11",8,"2023-10-30",33,10,80,80,81
"257","Loc2","CGP","104",107.169288417744,-6.17965015449607,"2023-08-10","2023-08-11","2023-08-11",1,"2023-08-21",24,10,10,10,11
"258","Loc2","CGP","104",107.169288417744,-6.17965015449607,"2023-08-10","2023-08-11","2023-08-11",2,"2023-08-31",22,10,20,20,21
"259","Loc2","CGP","104",107.169288417744,-6.17965015449607,"2023-08-10","2023-08-11","2023-08-11",3,"2023-09-10",113,10,30,30,31
"260","Loc2","CGP","104",107.169288417744,-6.17965015449607,"2023-08-10","2023-08-11","2023-08-11",4,"2023-09-20",91,10,40,40,41
"261","Loc2","CGP","104",107.169288417744,-6.17965015449607,"2023-08-10","2023-08-11","2023-08-11",5,"2023-09-30",91,10,50,50,51
"262","Loc2","CGP","104",107.169288417744,-6.17965015449607,"2023-08-10","2023-08-11","2023-08-11",6,"2023-10-10",105,10,60,60,61
"263","Loc2","CGP","104",107.169288417744,-6.17965015449607,"2023-08-10","2023-08-11","2023-08-11",7,"2023-10-20",30,10,70,70,71
"264","Loc2","CGP","104",107.169288417744,-6.17965015449607,"2023-08-10","2023-08-11","2023-08-11",8,"2023-10-30",31,10,80,80,81
"265","Loc1","trt A","201",107.385397160511,-6.18089581689712,"2023-09-04","2023-09-05","2023-09-05",1,"2023-09-15",1,10,10,10,11
"266","Loc1","trt A","201",107.385397160511,-6.18089581689712,"2023-09-04","2023-09-05","2023-09-05",2,"2023-09-25",1,10,20,20,21
"267","Loc1","trt A","201",107.385397160511,-6.18089581689712,"2023-09-04","2023-09-05","2023-09-05",3,"2023-10-05",0,10,30,30,31
"268","Loc1","trt A","201",107.385397160511,-6.18089581689712,"2023-09-04","2023-09-05","2023-09-05",4,"2023-10-15",0,10,40,40,41
"269","Loc1","trt A","201",107.385397160511,-6.18089581689712,"2023-09-04","2023-09-05","2023-09-05",5,"2023-10-25",19,10,50,50,51
"270","Loc1","trt A","201",107.385397160511,-6.18089581689712,"2023-09-04","2023-09-05","2023-09-05",6,"2023-11-04",20,10,60,60,61
"271","Loc1","trt A","201",107.385397160511,-6.18089581689712,"2023-09-04","2023-09-05","2023-09-05",7,"2023-11-14",5,10,70,70,71
"272","Loc1","trt A","201",107.385397160511,-6.18089581689712,"2023-09-04","2023-09-05","2023-09-05",8,"2023-11-24",13,10,80,80,81
"273","Loc1","trt A","202",107.385603160511,-6.17992281689712,"2023-09-03","2023-09-05","2023-09-05",1,"2023-09-15",1,10,10,10,12
"274","Loc1","trt A","202",107.385603160511,-6.17992281689712,"2023-09-03","2023-09-05","2023-09-05",2,"2023-09-25",2,10,20,20,22
"275","Loc1","trt A","202",107.385603160511,-6.17992281689712,"2023-09-03","2023-09-05","2023-09-05",3,"2023-10-05",3,10,30,30,32
"276","Loc1","trt A","202",107.385603160511,-6.17992281689712,"2023-09-03","2023-09-05","2023-09-05",4,"2023-10-15",1,10,40,40,42
"277","Loc1","trt A","202",107.385603160511,-6.17992281689712,"2023-09-03","2023-09-05","2023-09-05",5,"2023-10-25",9,10,50,50,52
"278","Loc1","trt A","202",107.385603160511,-6.17992281689712,"2023-09-03","2023-09-05","2023-09-05",6,"2023-11-04",8,10,60,60,62
"279","Loc1","trt A","202",107.385603160511,-6.17992281689712,"2023-09-03","2023-09-05","2023-09-05",7,"2023-11-14",14,10,70,70,72
"280","Loc1","trt A","202",107.385603160511,-6.17992281689712,"2023-09-03","2023-09-05","2023-09-05",8,"2023-11-24",6,10,80,80,82
"281","Loc1","trt A","203",107.386614160511,-6.18025381689712,"2023-09-03","2023-09-05","2023-09-05",1,"2023-09-15",1,10,10,10,12
"282","Loc1","trt A","203",107.386614160511,-6.18025381689712,"2023-09-03","2023-09-05","2023-09-05",2,"2023-09-25",6,10,20,20,22
"283","Loc1","trt A","203",107.386614160511,-6.18025381689712,"2023-09-03","2023-09-05","2023-09-05",3,"2023-10-05",1,10,30,30,32
"284","Loc1","trt A","203",107.386614160511,-6.18025381689712,"2023-09-03","2023-09-05","2023-09-05",4,"2023-10-15",1,10,40,40,42
"285","Loc1","trt A","203",107.386614160511,-6.18025381689712,"2023-09-03","2023-09-05","2023-09-05",5,"2023-10-25",2,10,50,50,52
"286","Loc1","trt A","203",107.386614160511,-6.18025381689712,"2023-09-03","2023-09-05","2023-09-05",6,"2023-11-04",13,10,60,60,62
"287","Loc1","trt A","203",107.386614160511,-6.18025381689712,"2023-09-03","2023-09-05","2023-09-05",7,"2023-11-14",7,10,70,70,72
"288","Loc1","trt A","203",107.386614160511,-6.18025381689712,"2023-09-03","2023-09-05","2023-09-05",8,"2023-11-24",4,10,80,80,82
"289","Loc1","trt A","204",107.386382160511,-6.18117081689712,"2023-09-04","2023-09-05","2023-09-05",1,"2023-09-15",2,10,10,10,11
"290","Loc1","trt A","204",107.386382160511,-6.18117081689712,"2023-09-04","2023-09-05","2023-09-05",2,"2023-09-25",2,10,20,20,21
"291","Loc1","trt A","204",107.386382160511,-6.18117081689712,"2023-09-04","2023-09-05","2023-09-05",3,"2023-10-05",2,10,30,30,31
"292","Loc1","trt A","204",107.386382160511,-6.18117081689712,"2023-09-04","2023-09-05","2023-09-05",4,"2023-10-15",1,10,40,40,41
"293","Loc1","trt A","204",107.386382160511,-6.18117081689712,"2023-09-04","2023-09-05","2023-09-05",5,"2023-10-25",9,10,50,50,51
"294","Loc1","trt A","204",107.386382160511,-6.18117081689712,"2023-09-04","2023-09-05","2023-09-05",6,"2023-11-04",13,10,60,60,61
"295","Loc1","trt A","204",107.386382160511,-6.18117081689712,"2023-09-04","2023-09-05","2023-09-05",7,"2023-11-14",13,10,70,70,71
"296","Loc1","trt A","204",107.386382160511,-6.18117081689712,"2023-09-04","2023-09-05","2023-09-05",8,"2023-11-24",4,10,80,80,81
"297","Loc1","CGP","101",107.388934160511,-6.18197981689712,"2023-09-02","2023-09-05","2023-09-05",1,"2023-09-15",34,10,10,10,13
"298","Loc1","CGP","101",107.388934160511,-6.18197981689712,"2023-09-02","2023-09-05","2023-09-05",2,"2023-09-25",7,10,20,20,23
"299","Loc1","CGP","101",107.388934160511,-6.18197981689712,"2023-09-02","2023-09-05","2023-09-05",3,"2023-10-05",30,10,30,30,33
"300","Loc1","CGP","101",107.388934160511,-6.18197981689712,"2023-09-02","2023-09-05","2023-09-05",4,"2023-10-15",9,10,40,40,43
"301","Loc1","CGP","101",107.388934160511,-6.18197981689712,"2023-09-02","2023-09-05","2023-09-05",5,"2023-10-25",6,10,50,50,53
"302","Loc1","CGP","101",107.388934160511,-6.18197981689712,"2023-09-02","2023-09-05","2023-09-05",6,"2023-11-04",87,10,60,60,63
"303","Loc1","CGP","101",107.388934160511,-6.18197981689712,"2023-09-02","2023-09-05","2023-09-05",7,"2023-11-14",77,10,70,70,73
"304","Loc1","CGP","101",107.388934160511,-6.18197981689712,"2023-09-02","2023-09-05","2023-09-05",8,"2023-11-24",3,10,80,80,83
"305","Loc1","CGP","102",107.389160160511,-6.18110981689712,"2023-09-03","2023-09-05","2023-09-05",1,"2023-09-15",33,10,10,10,12
"306","Loc1","CGP","102",107.389160160511,-6.18110981689712,"2023-09-03","2023-09-05","2023-09-05",2,"2023-09-25",23,10,20,20,22
"307","Loc1","CGP","102",107.389160160511,-6.18110981689712,"2023-09-03","2023-09-05","2023-09-05",3,"2023-10-05",3,10,30,30,32
"308","Loc1","CGP","102",107.389160160511,-6.18110981689712,"2023-09-03","2023-09-05","2023-09-05",4,"2023-10-15",27,10,40,40,42
"309","Loc1","CGP","102",107.389160160511,-6.18110981689712,"2023-09-03","2023-09-05","2023-09-05",5,"2023-10-25",23,10,50,50,52
"310","Loc1","CGP","102",107.389160160511,-6.18110981689712,"2023-09-03","2023-09-05","2023-09-05",6,"2023-11-04",30,10,60,60,62
"311","Loc1","CGP","102",107.389160160511,-6.18110981689712,"2023-09-03","2023-09-05","2023-09-05",7,"2023-11-14",22,10,70,70,72
"312","Loc1","CGP","102",107.389160160511,-6.18110981689712,"2023-09-03","2023-09-05","2023-09-05",8,"2023-11-24",13,10,80,80,82
"313","Loc1","CGP","103",107.389989160511,-6.18132781689712,"2023-09-02","2023-09-05","2023-09-05",1,"2023-09-15",17,10,10,10,13
"314","Loc1","CGP","103",107.389989160511,-6.18132781689712,"2023-09-02","2023-09-05","2023-09-05",2,"2023-09-25",25,10,20,20,23
"315","Loc1","CGP","103",107.389989160511,-6.18132781689712,"2023-09-02","2023-09-05","2023-09-05",3,"2023-10-05",4,10,30,30,33
"316","Loc1","CGP","103",107.389989160511,-6.18132781689712,"2023-09-02","2023-09-05","2023-09-05",4,"2023-10-15",10,10,40,40,43
"317","Loc1","CGP","103",107.389989160511,-6.18132781689712,"2023-09-02","2023-09-05","2023-09-05",5,"2023-10-25",2,10,50,50,53
"318","Loc1","CGP","103",107.389989160511,-6.18132781689712,"2023-09-02","2023-09-05","2023-09-05",6,"2023-11-04",49,10,60,60,63
"319","Loc1","CGP","103",107.389989160511,-6.18132781689712,"2023-09-02","2023-09-05","2023-09-05",7,"2023-11-14",79,10,70,70,73
"320","Loc1","CGP","103",107.389989160511,-6.18132781689712,"2023-09-02","2023-09-05","2023-09-05",8,"2023-11-24",15,10,80,80,83
"321","Loc1","CGP","104",107.389738160511,-6.18222481689712,"2023-09-03","2023-09-05","2023-09-05",1,"2023-09-15",25,10,10,10,12
"322","Loc1","CGP","104",107.389738160511,-6.18222481689712,"2023-09-03","2023-09-05","2023-09-05",2,"2023-09-25",19,10,20,20,22
"323","Loc1","CGP","104",107.389738160511,-6.18222481689712,"2023-09-03","2023-09-05","2023-09-05",3,"2023-10-05",35,10,30,30,32
"324","Loc1","CGP","104",107.389738160511,-6.18222481689712,"2023-09-03","2023-09-05","2023-09-05",4,"2023-10-15",10,10,40,40,42
"325","Loc1","CGP","104",107.389738160511,-6.18222481689712,"2023-09-03","2023-09-05","2023-09-05",5,"2023-10-25",14,10,50,50,52
"326","Loc1","CGP","104",107.389738160511,-6.18222481689712,"2023-09-03","2023-09-05","2023-09-05",6,"2023-11-04",38,10,60,60,62
"327","Loc1","CGP","104",107.389738160511,-6.18222481689712,"2023-09-03","2023-09-05","2023-09-05",7,"2023-11-14",69,10,70,70,72
"328","Loc1","CGP","104",107.389738160511,-6.18222481689712,"2023-09-03","2023-09-05","2023-09-05",8,"2023-11-24",39,10,80,80,82
"329","Loc4","trt A","201",107.821294126473,-6.73363413322164,"2023-07-24","2023-08-06","2023-08-06",1,"2023-08-16",1,10,10,10,23
"330","Loc4","trt A","201",107.821294126473,-6.73363413322164,"2023-07-24","2023-08-06","2023-08-06",2,"2023-08-26",0,10,20,20,33
"331","Loc4","trt A","201",107.821294126473,-6.73363413322164,"2023-07-24","2023-08-06","2023-08-06",3,"2023-09-06",1,11,31,31,44
"332","Loc4","trt A","201",107.821294126473,-6.73363413322164,"2023-07-24","2023-08-06","2023-08-06",4,"2023-09-16",2,10,41,41,54
"333","Loc4","trt A","201",107.821294126473,-6.73363413322164,"2023-07-24","2023-08-06","2023-08-06",5,"2023-09-26",0,10,51,51,64
"334","Loc4","trt A","201",107.821294126473,-6.73363413322164,"2023-07-24","2023-08-06","2023-08-06",6,"2023-10-06",1,10,61,61,74
"335","Loc4","trt A","201",107.821294126473,-6.73363413322164,"2023-07-24","2023-08-06","2023-08-06",7,"2023-10-16",4,10,71,71,84
"336","Loc4","trt A","201",107.821294126473,-6.73363413322164,"2023-07-24","2023-08-06","2023-08-06",8,"2023-10-25",2,9,80,80,93
"337","Loc4","trt A","201",107.821294126473,-6.73363413322164,"2023-07-24","2023-08-06","2023-08-06",9,"2023-11-06",0,12,92,92,105
"338","Loc4","trt A","201",107.821294126473,-6.73363413322164,"2023-07-24","2023-08-06","2023-08-06",10,"2023-11-15",1,9,101,101,114
"339","Loc4","trt A","202",107.820321126473,-6.73329013322164,"2023-07-24","2023-08-06","2023-08-06",1,"2023-08-16",0,10,10,10,23
"340","Loc4","trt A","202",107.820321126473,-6.73329013322164,"2023-07-24","2023-08-06","2023-08-06",2,"2023-08-26",0,10,20,20,33
"341","Loc4","trt A","202",107.820321126473,-6.73329013322164,"2023-07-24","2023-08-06","2023-08-06",3,"2023-09-06",0,11,31,31,44
"342","Loc4","trt A","202",107.820321126473,-6.73329013322164,"2023-07-24","2023-08-06","2023-08-06",4,"2023-09-16",0,10,41,41,54
"343","Loc4","trt A","202",107.820321126473,-6.73329013322164,"2023-07-24","2023-08-06","2023-08-06",5,"2023-09-26",1,10,51,51,64
"344","Loc4","trt A","202",107.820321126473,-6.73329013322164,"2023-07-24","2023-08-06","2023-08-06",6,"2023-10-06",2,10,61,61,74
"345","Loc4","trt A","202",107.820321126473,-6.73329013322164,"2023-07-24","2023-08-06","2023-08-06",7,"2023-10-16",2,10,71,71,84
"346","Loc4","trt A","202",107.820321126473,-6.73329013322164,"2023-07-24","2023-08-06","2023-08-06",8,"2023-10-25",1,9,80,80,93
"347","Loc4","trt A","202",107.820321126473,-6.73329013322164,"2023-07-24","2023-08-06","2023-08-06",9,"2023-11-06",2,12,92,92,105
"348","Loc4","trt A","202",107.820321126473,-6.73329013322164,"2023-07-24","2023-08-06","2023-08-06",10,"2023-11-15",0,9,101,101,114
"349","Loc4","trt A","203",107.820321126473,-6.73420813322164,"2023-07-24","2023-08-06","2023-08-06",1,"2023-08-16",0,10,10,10,23
"350","Loc4","trt A","203",107.820321126473,-6.73420813322164,"2023-07-24","2023-08-06","2023-08-06",2,"2023-08-26",1,10,20,20,33
"351","Loc4","trt A","203",107.820321126473,-6.73420813322164,"2023-07-24","2023-08-06","2023-08-06",3,"2023-09-06",2,11,31,31,44
"352","Loc4","trt A","203",107.820321126473,-6.73420813322164,"2023-07-24","2023-08-06","2023-08-06",4,"2023-09-16",0,10,41,41,54
"353","Loc4","trt A","203",107.820321126473,-6.73420813322164,"2023-07-24","2023-08-06","2023-08-06",5,"2023-09-26",0,10,51,51,64
"354","Loc4","trt A","203",107.820321126473,-6.73420813322164,"2023-07-24","2023-08-06","2023-08-06",6,"2023-10-06",1,10,61,61,74
"355","Loc4","trt A","203",107.820321126473,-6.73420813322164,"2023-07-24","2023-08-06","2023-08-06",7,"2023-10-16",0,10,71,71,84
"356","Loc4","trt A","203",107.820321126473,-6.73420813322164,"2023-07-24","2023-08-06","2023-08-06",8,"2023-10-25",1,9,80,80,93
"357","Loc4","trt A","203",107.820321126473,-6.73420813322164,"2023-07-24","2023-08-06","2023-08-06",9,"2023-11-06",2,12,92,92,105
"358","Loc4","trt A","203",107.820321126473,-6.73420813322164,"2023-07-24","2023-08-06","2023-08-06",10,"2023-11-15",0,9,101,101,114
"359","Loc4","trt A","204",107.821294126473,-6.73449113322164,"2023-07-24","2023-08-06","2023-08-06",1,"2023-08-16",0,10,10,10,23
"360","Loc4","trt A","204",107.821294126473,-6.73449113322164,"2023-07-24","2023-08-06","2023-08-06",2,"2023-08-26",1,10,20,20,33
"361","Loc4","trt A","204",107.821294126473,-6.73449113322164,"2023-07-24","2023-08-06","2023-08-06",3,"2023-09-06",1,11,31,31,44
"362","Loc4","trt A","204",107.821294126473,-6.73449113322164,"2023-07-24","2023-08-06","2023-08-06",4,"2023-09-16",0,10,41,41,54
"363","Loc4","trt A","204",107.821294126473,-6.73449113322164,"2023-07-24","2023-08-06","2023-08-06",5,"2023-09-26",0,10,51,51,64
"364","Loc4","trt A","204",107.821294126473,-6.73449113322164,"2023-07-24","2023-08-06","2023-08-06",6,"2023-10-06",1,10,61,61,74
"365","Loc4","trt A","204",107.821294126473,-6.73449113322164,"2023-07-24","2023-08-06","2023-08-06",7,"2023-10-16",1,10,71,71,84
"366","Loc4","trt A","204",107.821294126473,-6.73449113322164,"2023-07-24","2023-08-06","2023-08-06",8,"2023-10-25",0,9,80,80,93
"367","Loc4","trt A","204",107.821294126473,-6.73449113322164,"2023-07-24","2023-08-06","2023-08-06",9,"2023-11-06",4,12,92,92,105
"368","Loc4","trt A","204",107.821294126473,-6.73449113322164,"2023-07-24","2023-08-06","2023-08-06",10,"2023-11-15",0,9,101,101,114
"369","Loc4","CGP","101",107.810738126473,-6.74248113322164,"2023-07-27","2023-08-06",NA,1,"2023-08-16",4,10,10,NA,20
"370","Loc4","CGP","101",107.810738126473,-6.74248113322164,"2023-07-27","2023-08-06",NA,2,"2023-08-26",2,10,20,NA,30
"371","Loc4","CGP","101",107.810738126473,-6.74248113322164,"2023-07-27","2023-08-06",NA,3,"2023-09-06",3,11,31,NA,41
"372","Loc4","CGP","101",107.810738126473,-6.74248113322164,"2023-07-27","2023-08-06",NA,4,"2023-09-16",3,10,41,NA,51
"373","Loc4","CGP","101",107.810738126473,-6.74248113322164,"2023-07-27","2023-08-06",NA,5,"2023-09-26",2,10,51,NA,61
"374","Loc4","CGP","101",107.810738126473,-6.74248113322164,"2023-07-27","2023-08-06",NA,6,"2023-10-06",3,10,61,NA,71
"375","Loc4","CGP","101",107.810738126473,-6.74248113322164,"2023-07-27","2023-08-06",NA,7,"2023-10-16",1,10,71,NA,81
"376","Loc4","CGP","101",107.810738126473,-6.74248113322164,"2023-07-27","2023-08-06",NA,8,"2023-10-25",3,9,80,NA,90
"377","Loc4","CGP","101",107.810738126473,-6.74248113322164,"2023-07-27","2023-08-06",NA,9,"2023-11-06",5,12,92,NA,102
"378","Loc4","CGP","101",107.810738126473,-6.74248113322164,"2023-07-27","2023-08-06",NA,10,"2023-11-15",4,9,101,NA,111
"379","Loc4","CGP","102",107.809708126473,-6.74241313322164,"2023-07-27","2023-08-06",NA,1,"2023-08-16",6,10,10,NA,20
"380","Loc4","CGP","102",107.809708126473,-6.74241313322164,"2023-07-27","2023-08-06",NA,2,"2023-08-26",3,10,20,NA,30
"381","Loc4","CGP","102",107.809708126473,-6.74241313322164,"2023-07-27","2023-08-06",NA,3,"2023-09-06",3,11,31,NA,41
"382","Loc4","CGP","102",107.809708126473,-6.74241313322164,"2023-07-27","2023-08-06",NA,4,"2023-09-16",3,10,41,NA,51
"383","Loc4","CGP","102",107.809708126473,-6.74241313322164,"2023-07-27","2023-08-06",NA,5,"2023-09-26",7,10,51,NA,61
"384","Loc4","CGP","102",107.809708126473,-6.74241313322164,"2023-07-27","2023-08-06",NA,6,"2023-10-06",3,10,61,NA,71
"385","Loc4","CGP","102",107.809708126473,-6.74241313322164,"2023-07-27","2023-08-06",NA,7,"2023-10-16",4,10,71,NA,81
"386","Loc4","CGP","102",107.809708126473,-6.74241313322164,"2023-07-27","2023-08-06",NA,8,"2023-10-25",2,9,80,NA,90
"387","Loc4","CGP","102",107.809708126473,-6.74241313322164,"2023-07-27","2023-08-06",NA,9,"2023-11-06",9,12,92,NA,102
"388","Loc4","CGP","102",107.809708126473,-6.74241313322164,"2023-07-27","2023-08-06",NA,10,"2023-11-15",6,9,101,NA,111
"389","Loc4","CGP","103",107.809442126473,-6.74325113322164,"2023-07-27","2023-08-06",NA,1,"2023-08-16",1,10,10,NA,20
"390","Loc4","CGP","103",107.809442126473,-6.74325113322164,"2023-07-27","2023-08-06",NA,2,"2023-08-26",3,10,20,NA,30
"391","Loc4","CGP","103",107.809442126473,-6.74325113322164,"2023-07-27","2023-08-06",NA,3,"2023-09-06",4,11,31,NA,41
"392","Loc4","CGP","103",107.809442126473,-6.74325113322164,"2023-07-27","2023-08-06",NA,4,"2023-09-16",3,10,41,NA,51
"393","Loc4","CGP","103",107.809442126473,-6.74325113322164,"2023-07-27","2023-08-06",NA,5,"2023-09-26",4,10,51,NA,61
"394","Loc4","CGP","103",107.809442126473,-6.74325113322164,"2023-07-27","2023-08-06",NA,6,"2023-10-06",1,10,61,NA,71
"395","Loc4","CGP","103",107.809442126473,-6.74325113322164,"2023-07-27","2023-08-06",NA,7,"2023-10-16",1,10,71,NA,81
"396","Loc4","CGP","103",107.809442126473,-6.74325113322164,"2023-07-27","2023-08-06",NA,8,"2023-10-25",7,9,80,NA,90
"397","Loc4","CGP","103",107.809442126473,-6.74325113322164,"2023-07-27","2023-08-06",NA,9,"2023-11-06",3,12,92,NA,102
"398","Loc4","CGP","103",107.809442126473,-6.74325113322164,"2023-07-27","2023-08-06",NA,10,"2023-11-15",4,9,101,NA,111
"399","Loc4","CGP","104",107.810598126473,-6.74331513322164,"2023-07-27","2023-08-06",NA,1,"2023-08-16",5,10,10,NA,20
"400","Loc4","CGP","104",107.810598126473,-6.74331513322164,"2023-07-27","2023-08-06",NA,2,"2023-08-26",2,10,20,NA,30
"401","Loc4","CGP","104",107.810598126473,-6.74331513322164,"2023-07-27","2023-08-06",NA,3,"2023-09-06",5,11,31,NA,41
"402","Loc4","CGP","104",107.810598126473,-6.74331513322164,"2023-07-27","2023-08-06",NA,4,"2023-09-16",4,10,41,NA,51
"403","Loc4","CGP","104",107.810598126473,-6.74331513322164,"2023-07-27","2023-08-06",NA,5,"2023-09-26",2,10,51,NA,61
"404","Loc4","CGP","104",107.810598126473,-6.74331513322164,"2023-07-27","2023-08-06",NA,6,"2023-10-06",3,10,61,NA,71
"405","Loc4","CGP","104",107.810598126473,-6.74331513322164,"2023-07-27","2023-08-06",NA,7,"2023-10-16",0,10,71,NA,81
"406","Loc4","CGP","104",107.810598126473,-6.74331513322164,"2023-07-27","2023-08-06",NA,8,"2023-10-25",2,9,80,NA,90
"407","Loc4","CGP","104",107.810598126473,-6.74331513322164,"2023-07-27","2023-08-06",NA,9,"2023-11-06",4,12,92,NA,102
"408","Loc4","CGP","104",107.810598126473,-6.74331513322164,"2023-07-27","2023-08-06",NA,10,"2023-11-15",5,9,101,NA,111
"409","Loc5","trt A","201",106.452721867125,-6.873280869784,"2023-08-01","2023-08-04","2023-08-04",1,"2023-08-14",0,10,10,10,13
"410","Loc5","trt A","201",106.452721867125,-6.873280869784,"2023-08-01","2023-08-04","2023-08-04",2,"2023-08-24",1,10,20,20,23
"411","Loc5","trt A","201",106.452721867125,-6.873280869784,"2023-08-01","2023-08-04","2023-08-04",3,"2023-09-03",3,10,30,30,33
"412","Loc5","trt A","201",106.452721867125,-6.873280869784,"2023-08-01","2023-08-04","2023-08-04",4,"2023-09-14",0,11,41,41,44
"413","Loc5","trt A","201",106.452721867125,-6.873280869784,"2023-08-01","2023-08-04","2023-08-04",5,"2023-09-25",3,11,52,52,55
"414","Loc5","trt A","201",106.452721867125,-6.873280869784,"2023-08-01","2023-08-04","2023-08-04",6,"2023-10-04",1,9,61,61,64
"415","Loc5","trt A","201",106.452721867125,-6.873280869784,"2023-08-01","2023-08-04","2023-08-04",7,"2023-10-13",0,9,70,70,73
"416","Loc5","trt A","201",106.452721867125,-6.873280869784,"2023-08-01","2023-08-04","2023-08-04",8,"2023-10-24",0,11,81,81,84
"417","Loc5","trt A","201",106.452721867125,-6.873280869784,"2023-08-01","2023-08-04","2023-08-04",9,"2023-11-03",0,10,91,91,94
"418","Loc5","trt A","202",106.451724867125,-6.873684869784,"2023-08-01","2023-08-04","2023-08-04",1,"2023-08-14",2,10,10,10,13
"419","Loc5","trt A","202",106.451724867125,-6.873684869784,"2023-08-01","2023-08-04","2023-08-04",2,"2023-08-24",0,10,20,20,23
"420","Loc5","trt A","202",106.451724867125,-6.873684869784,"2023-08-01","2023-08-04","2023-08-04",3,"2023-09-03",1,10,30,30,33
"421","Loc5","trt A","202",106.451724867125,-6.873684869784,"2023-08-01","2023-08-04","2023-08-04",4,"2023-09-14",4,11,41,41,44
"422","Loc5","trt A","202",106.451724867125,-6.873684869784,"2023-08-01","2023-08-04","2023-08-04",5,"2023-09-25",8,11,52,52,55
"423","Loc5","trt A","202",106.451724867125,-6.873684869784,"2023-08-01","2023-08-04","2023-08-04",6,"2023-10-04",3,9,61,61,64
"424","Loc5","trt A","202",106.451724867125,-6.873684869784,"2023-08-01","2023-08-04","2023-08-04",7,"2023-10-13",0,9,70,70,73
"425","Loc5","trt A","202",106.451724867125,-6.873684869784,"2023-08-01","2023-08-04","2023-08-04",8,"2023-10-24",0,11,81,81,84
"426","Loc5","trt A","202",106.451724867125,-6.873684869784,"2023-08-01","2023-08-04","2023-08-04",9,"2023-11-03",0,10,91,91,94
"427","Loc5","trt A","203",106.451338867125,-6.872853869784,"2023-08-01","2023-08-04","2023-08-04",1,"2023-08-14",1,10,10,10,13
"428","Loc5","trt A","203",106.451338867125,-6.872853869784,"2023-08-01","2023-08-04","2023-08-04",2,"2023-08-24",1,10,20,20,23
"429","Loc5","trt A","203",106.451338867125,-6.872853869784,"2023-08-01","2023-08-04","2023-08-04",3,"2023-09-03",2,10,30,30,33
"430","Loc5","trt A","203",106.451338867125,-6.872853869784,"2023-08-01","2023-08-04","2023-08-04",4,"2023-09-14",1,11,41,41,44
"431","Loc5","trt A","203",106.451338867125,-6.872853869784,"2023-08-01","2023-08-04","2023-08-04",5,"2023-09-25",12,11,52,52,55
"432","Loc5","trt A","203",106.451338867125,-6.872853869784,"2023-08-01","2023-08-04","2023-08-04",6,"2023-10-04",1,9,61,61,64
"433","Loc5","trt A","203",106.451338867125,-6.872853869784,"2023-08-01","2023-08-04","2023-08-04",7,"2023-10-13",1,9,70,70,73
"434","Loc5","trt A","203",106.451338867125,-6.872853869784,"2023-08-01","2023-08-04","2023-08-04",8,"2023-10-24",0,11,81,81,84
"435","Loc5","trt A","203",106.451338867125,-6.872853869784,"2023-08-01","2023-08-04","2023-08-04",9,"2023-11-03",2,10,91,91,94
"436","Loc5","trt A","204",106.452261867125,-6.872411869784,"2023-08-01","2023-08-04","2023-08-04",1,"2023-08-14",0,10,10,10,13
"437","Loc5","trt A","204",106.452261867125,-6.872411869784,"2023-08-01","2023-08-04","2023-08-04",2,"2023-08-24",1,10,20,20,23
"438","Loc5","trt A","204",106.452261867125,-6.872411869784,"2023-08-01","2023-08-04","2023-08-04",3,"2023-09-03",4,10,30,30,33
"439","Loc5","trt A","204",106.452261867125,-6.872411869784,"2023-08-01","2023-08-04","2023-08-04",4,"2023-09-14",0,11,41,41,44
"440","Loc5","trt A","204",106.452261867125,-6.872411869784,"2023-08-01","2023-08-04","2023-08-04",5,"2023-09-25",2,11,52,52,55
"441","Loc5","trt A","204",106.452261867125,-6.872411869784,"2023-08-01","2023-08-04","2023-08-04",6,"2023-10-04",2,9,61,61,64
"442","Loc5","trt A","204",106.452261867125,-6.872411869784,"2023-08-01","2023-08-04","2023-08-04",7,"2023-10-13",2,9,70,70,73
"443","Loc5","trt A","204",106.452261867125,-6.872411869784,"2023-08-01","2023-08-04","2023-08-04",8,"2023-10-24",1,11,81,81,84
"444","Loc5","trt A","204",106.452261867125,-6.872411869784,"2023-08-01","2023-08-04","2023-08-04",9,"2023-11-03",3,10,91,91,94
"445","Loc5","CGP","101",106.456439867125,-6.876068869784,"2023-08-02","2023-08-04",NA,1,"2023-08-14",5,10,10,NA,12
"446","Loc5","CGP","101",106.456439867125,-6.876068869784,"2023-08-02","2023-08-04",NA,2,"2023-08-25",3,11,21,NA,23
"447","Loc5","CGP","101",106.456439867125,-6.876068869784,"2023-08-02","2023-08-04",NA,3,"2023-09-03",3,9,30,NA,32
"448","Loc5","CGP","101",106.456439867125,-6.876068869784,"2023-08-02","2023-08-04",NA,4,"2023-09-14",49,11,41,NA,43
"449","Loc5","CGP","101",106.456439867125,-6.876068869784,"2023-08-02","2023-08-04",NA,5,"2023-09-24",28,10,51,NA,53
"450","Loc5","CGP","101",106.456439867125,-6.876068869784,"2023-08-02","2023-08-04",NA,6,"2023-10-04",47,10,61,NA,63
"451","Loc5","CGP","101",106.456439867125,-6.876068869784,"2023-08-02","2023-08-04",NA,7,"2023-10-13",39,9,70,NA,72
"452","Loc5","CGP","101",106.456439867125,-6.876068869784,"2023-08-02","2023-08-04",NA,8,"2023-10-25",3,12,82,NA,84
"453","Loc5","CGP","101",106.456439867125,-6.876068869784,"2023-08-02","2023-08-04",NA,9,"2023-11-04",8,10,92,NA,94
"454","Loc5","CGP","102",106.455479867125,-6.876378869784,"2023-08-02","2023-08-04",NA,1,"2023-08-14",3,10,10,NA,12
"455","Loc5","CGP","102",106.455479867125,-6.876378869784,"2023-08-02","2023-08-04",NA,2,"2023-08-25",5,11,21,NA,23
"456","Loc5","CGP","102",106.455479867125,-6.876378869784,"2023-08-02","2023-08-04",NA,3,"2023-09-03",3,9,30,NA,32
"457","Loc5","CGP","102",106.455479867125,-6.876378869784,"2023-08-02","2023-08-04",NA,4,"2023-09-14",39,11,41,NA,43
"458","Loc5","CGP","102",106.455479867125,-6.876378869784,"2023-08-02","2023-08-04",NA,5,"2023-09-24",17,10,51,NA,53
"459","Loc5","CGP","102",106.455479867125,-6.876378869784,"2023-08-02","2023-08-04",NA,6,"2023-10-04",43,10,61,NA,63
"460","Loc5","CGP","102",106.455479867125,-6.876378869784,"2023-08-02","2023-08-04",NA,7,"2023-10-13",34,9,70,NA,72
"461","Loc5","CGP","102",106.455479867125,-6.876378869784,"2023-08-02","2023-08-04",NA,8,"2023-10-25",4,12,82,NA,84
"462","Loc5","CGP","102",106.455479867125,-6.876378869784,"2023-08-02","2023-08-04",NA,9,"2023-11-04",15,10,92,NA,94
"463","Loc5","CGP","103",106.455051867125,-6.875568869784,"2023-08-02","2023-08-04",NA,1,"2023-08-14",5,10,10,NA,12
"464","Loc5","CGP","103",106.455051867125,-6.875568869784,"2023-08-02","2023-08-04",NA,2,"2023-08-25",4,11,21,NA,23
"465","Loc5","CGP","103",106.455051867125,-6.875568869784,"2023-08-02","2023-08-04",NA,3,"2023-09-03",4,9,30,NA,32
"466","Loc5","CGP","103",106.455051867125,-6.875568869784,"2023-08-02","2023-08-04",NA,4,"2023-09-14",17,11,41,NA,43
"467","Loc5","CGP","103",106.455051867125,-6.875568869784,"2023-08-02","2023-08-04",NA,5,"2023-09-24",11,10,51,NA,53
"468","Loc5","CGP","103",106.455051867125,-6.875568869784,"2023-08-02","2023-08-04",NA,6,"2023-10-04",48,10,61,NA,63
"469","Loc5","CGP","103",106.455051867125,-6.875568869784,"2023-08-02","2023-08-04",NA,7,"2023-10-13",26,9,70,NA,72
"470","Loc5","CGP","103",106.455051867125,-6.875568869784,"2023-08-02","2023-08-04",NA,8,"2023-10-25",2,12,82,NA,84
"471","Loc5","CGP","103",106.455051867125,-6.875568869784,"2023-08-02","2023-08-04",NA,9,"2023-11-04",16,10,92,NA,94
"472","Loc5","CGP","104",106.456047867125,-6.875274869784,"2023-08-02","2023-08-04",NA,1,"2023-08-14",5,10,10,NA,12
"473","Loc5","CGP","104",106.456047867125,-6.875274869784,"2023-08-02","2023-08-04",NA,2,"2023-08-25",2,11,21,NA,23
"474","Loc5","CGP","104",106.456047867125,-6.875274869784,"2023-08-02","2023-08-04",NA,3,"2023-09-03",5,9,30,NA,32
"475","Loc5","CGP","104",106.456047867125,-6.875274869784,"2023-08-02","2023-08-04",NA,4,"2023-09-14",29,11,41,NA,43
"476","Loc5","CGP","104",106.456047867125,-6.875274869784,"2023-08-02","2023-08-04",NA,5,"2023-09-24",16,10,51,NA,53
"477","Loc5","CGP","104",106.456047867125,-6.875274869784,"2023-08-02","2023-08-04",NA,6,"2023-10-04",43,10,61,NA,63
"478","Loc5","CGP","104",106.456047867125,-6.875274869784,"2023-08-02","2023-08-04",NA,7,"2023-10-13",34,9,70,NA,72
"479","Loc5","CGP","104",106.456047867125,-6.875274869784,"2023-08-02","2023-08-04",NA,8,"2023-10-25",4,12,82,NA,84
"480","Loc5","CGP","104",106.456047867125,-6.875274869784,"2023-08-02","2023-08-04",NA,9,"2023-11-04",8,10,92,NA,94
"481","Loc3","trt A","201",106.656692275933,-6.7917814585531,"2023-08-22","2023-08-26","2023-08-26",1,"2023-09-05",1,10,10,10,14
"482","Loc3","trt A","201",106.656692275933,-6.7917814585531,"2023-08-22","2023-08-26","2023-08-26",2,"2023-09-15",2,10,20,20,24
"483","Loc3","trt A","201",106.656692275933,-6.7917814585531,"2023-08-22","2023-08-26","2023-08-26",3,"2023-09-25",2,10,30,30,34
"484","Loc3","trt A","201",106.656692275933,-6.7917814585531,"2023-08-22","2023-08-26","2023-08-26",4,"2023-10-05",3,10,40,40,44
"485","Loc3","trt A","201",106.656692275933,-6.7917814585531,"2023-08-22","2023-08-26","2023-08-26",5,"2023-10-15",3,10,50,50,54
"486","Loc3","trt A","201",106.656692275933,-6.7917814585531,"2023-08-22","2023-08-26","2023-08-26",6,"2023-10-25",5,10,60,60,64
"487","Loc3","trt A","201",106.656692275933,-6.7917814585531,"2023-08-22","2023-08-26","2023-08-26",7,"2023-11-04",1,10,70,70,74
"488","Loc3","trt A","201",106.656692275933,-6.7917814585531,"2023-08-22","2023-08-26","2023-08-26",8,"2023-11-14",4,10,80,80,84
"489","Loc3","trt A","202",106.655913275933,-6.7920244585531,"2023-08-22","2023-08-26","2023-08-26",1,"2023-09-05",0,10,10,10,14
"490","Loc3","trt A","202",106.655913275933,-6.7920244585531,"2023-08-22","2023-08-26","2023-08-26",2,"2023-09-15",1,10,20,20,24
"491","Loc3","trt A","202",106.655913275933,-6.7920244585531,"2023-08-22","2023-08-26","2023-08-26",3,"2023-09-25",3,10,30,30,34
"492","Loc3","trt A","202",106.655913275933,-6.7920244585531,"2023-08-22","2023-08-26","2023-08-26",4,"2023-10-05",2,10,40,40,44
"493","Loc3","trt A","202",106.655913275933,-6.7920244585531,"2023-08-22","2023-08-26","2023-08-26",5,"2023-10-15",1,10,50,50,54
"494","Loc3","trt A","202",106.655913275933,-6.7920244585531,"2023-08-22","2023-08-26","2023-08-26",6,"2023-10-25",2,10,60,60,64
"495","Loc3","trt A","202",106.655913275933,-6.7920244585531,"2023-08-22","2023-08-26","2023-08-26",7,"2023-11-04",3,10,70,70,74
"496","Loc3","trt A","202",106.655913275933,-6.7920244585531,"2023-08-22","2023-08-26","2023-08-26",8,"2023-11-14",6,10,80,80,84
"497","Loc3","trt A","203",106.655588275933,-6.7911034585531,"2023-08-22","2023-08-26","2023-08-26",1,"2023-09-05",1,10,10,10,14
"498","Loc3","trt A","203",106.655588275933,-6.7911034585531,"2023-08-22","2023-08-26","2023-08-26",2,"2023-09-15",2,10,20,20,24
"499","Loc3","trt A","203",106.655588275933,-6.7911034585531,"2023-08-22","2023-08-26","2023-08-26",3,"2023-09-25",1,10,30,30,34
"500","Loc3","trt A","203",106.655588275933,-6.7911034585531,"2023-08-22","2023-08-26","2023-08-26",4,"2023-10-05",3,10,40,40,44
"501","Loc3","trt A","203",106.655588275933,-6.7911034585531,"2023-08-22","2023-08-26","2023-08-26",5,"2023-10-15",0,10,50,50,54
"502","Loc3","trt A","203",106.655588275933,-6.7911034585531,"2023-08-22","2023-08-26","2023-08-26",6,"2023-10-25",2,10,60,60,64
"503","Loc3","trt A","203",106.655588275933,-6.7911034585531,"2023-08-22","2023-08-26","2023-08-26",7,"2023-11-04",3,10,70,70,74
"504","Loc3","trt A","203",106.655588275933,-6.7911034585531,"2023-08-22","2023-08-26","2023-08-26",8,"2023-11-14",3,10,80,80,84
"505","Loc3","trt A","204",106.656423275933,-6.7908374585531,"2023-08-22","2023-08-26","2023-08-26",1,"2023-09-05",0,10,10,10,14
"506","Loc3","trt A","204",106.656423275933,-6.7908374585531,"2023-08-22","2023-08-26","2023-08-26",2,"2023-09-15",0,10,20,20,24
"507","Loc3","trt A","204",106.656423275933,-6.7908374585531,"2023-08-22","2023-08-26","2023-08-26",3,"2023-09-25",2,10,30,30,34
"508","Loc3","trt A","204",106.656423275933,-6.7908374585531,"2023-08-22","2023-08-26","2023-08-26",4,"2023-10-05",3,10,40,40,44
"509","Loc3","trt A","204",106.656423275933,-6.7908374585531,"2023-08-22","2023-08-26","2023-08-26",5,"2023-10-15",3,10,50,50,54
"510","Loc3","trt A","204",106.656423275933,-6.7908374585531,"2023-08-22","2023-08-26","2023-08-26",6,"2023-10-25",1,10,60,60,64
"511","Loc3","trt A","204",106.656423275933,-6.7908374585531,"2023-08-22","2023-08-26","2023-08-26",7,"2023-11-04",2,10,70,70,74
"512","Loc3","trt A","204",106.656423275933,-6.7908374585531,"2023-08-22","2023-08-26","2023-08-26",8,"2023-11-14",3,10,80,80,84
"513","Loc3","CGP","101",106.648878275933,-6.7785404585531,"2023-08-24","2023-08-26",NA,1,"2023-09-05",7,10,10,NA,12
"514","Loc3","CGP","101",106.648878275933,-6.7785404585531,"2023-08-24","2023-08-26",NA,2,"2023-09-15",15,10,20,NA,22
"515","Loc3","CGP","101",106.648878275933,-6.7785404585531,"2023-08-24","2023-08-26",NA,3,"2023-09-25",7,10,30,NA,32
"516","Loc3","CGP","101",106.648878275933,-6.7785404585531,"2023-08-24","2023-08-26",NA,4,"2023-10-05",5,10,40,NA,42
"517","Loc3","CGP","101",106.648878275933,-6.7785404585531,"2023-08-24","2023-08-26",NA,5,"2023-10-15",9,10,50,NA,52
"518","Loc3","CGP","101",106.648878275933,-6.7785404585531,"2023-08-24","2023-08-26",NA,6,"2023-10-25",4,10,60,NA,62
"519","Loc3","CGP","101",106.648878275933,-6.7785404585531,"2023-08-24","2023-08-26",NA,7,"2023-11-04",6,10,70,NA,72
"520","Loc3","CGP","101",106.648878275933,-6.7785404585531,"2023-08-24","2023-08-26",NA,8,"2023-11-14",18,10,80,NA,82
"521","Loc3","CGP","102",106.648268275933,-6.7792304585531,"2023-08-24","2023-08-26",NA,1,"2023-09-05",5,10,10,NA,12
"522","Loc3","CGP","102",106.648268275933,-6.7792304585531,"2023-08-24","2023-08-26",NA,2,"2023-09-15",6,10,20,NA,22
"523","Loc3","CGP","102",106.648268275933,-6.7792304585531,"2023-08-24","2023-08-26",NA,3,"2023-09-25",9,10,30,NA,32
"524","Loc3","CGP","102",106.648268275933,-6.7792304585531,"2023-08-24","2023-08-26",NA,4,"2023-10-05",5,10,40,NA,42
"525","Loc3","CGP","102",106.648268275933,-6.7792304585531,"2023-08-24","2023-08-26",NA,5,"2023-10-15",18,10,50,NA,52
"526","Loc3","CGP","102",106.648268275933,-6.7792304585531,"2023-08-24","2023-08-26",NA,6,"2023-10-25",9,10,60,NA,62
"527","Loc3","CGP","102",106.648268275933,-6.7792304585531,"2023-08-24","2023-08-26",NA,7,"2023-11-04",1,10,70,NA,72
"528","Loc3","CGP","102",106.648268275933,-6.7792304585531,"2023-08-24","2023-08-26",NA,8,"2023-11-14",13,10,80,NA,82
"529","Loc3","CGP","103",106.647785275933,-6.7785184585531,"2023-08-24","2023-08-26",NA,1,"2023-09-05",6,10,10,NA,12
"530","Loc3","CGP","103",106.647785275933,-6.7785184585531,"2023-08-24","2023-08-26",NA,2,"2023-09-15",13,10,20,NA,22
"531","Loc3","CGP","103",106.647785275933,-6.7785184585531,"2023-08-24","2023-08-26",NA,3,"2023-09-25",4,10,30,NA,32
"532","Loc3","CGP","103",106.647785275933,-6.7785184585531,"2023-08-24","2023-08-26",NA,4,"2023-10-05",8,10,40,NA,42
"533","Loc3","CGP","103",106.647785275933,-6.7785184585531,"2023-08-24","2023-08-26",NA,5,"2023-10-15",5,10,50,NA,52
"534","Loc3","CGP","103",106.647785275933,-6.7785184585531,"2023-08-24","2023-08-26",NA,6,"2023-10-25",1,10,60,NA,62
"535","Loc3","CGP","103",106.647785275933,-6.7785184585531,"2023-08-24","2023-08-26",NA,7,"2023-11-04",3,10,70,NA,72
"536","Loc3","CGP","103",106.647785275933,-6.7785184585531,"2023-08-24","2023-08-26",NA,8,"2023-11-14",21,10,80,NA,82
"537","Loc3","CGP","104",106.648502275933,-6.7778944585531,"2023-08-24","2023-08-26",NA,1,"2023-09-05",6,10,10,NA,12
"538","Loc3","CGP","104",106.648502275933,-6.7778944585531,"2023-08-24","2023-08-26",NA,2,"2023-09-15",9,10,20,NA,22
"539","Loc3","CGP","104",106.648502275933,-6.7778944585531,"2023-08-24","2023-08-26",NA,3,"2023-09-25",6,10,30,NA,32
"540","Loc3","CGP","104",106.648502275933,-6.7778944585531,"2023-08-24","2023-08-26",NA,4,"2023-10-05",8,10,40,NA,42
"541","Loc3","CGP","104",106.648502275933,-6.7778944585531,"2023-08-24","2023-08-26",NA,5,"2023-10-15",8,10,50,NA,52
"542","Loc3","CGP","104",106.648502275933,-6.7778944585531,"2023-08-24","2023-08-26",NA,6,"2023-10-25",3,10,60,NA,62
"543","Loc3","CGP","104",106.648502275933,-6.7778944585531,"2023-08-24","2023-08-26",NA,7,"2023-11-04",4,10,70,NA,72
"544","Loc3","CGP","104",106.648502275933,-6.7778944585531,"2023-08-24","2023-08-26",NA,8,"2023-11-14",13,10,80,NA,82
"545","Loc6","trt A","201",106.606755924882,-6.9563524845438,"2023-08-26","2023-08-31","2023-08-31",1,"2023-09-10",3,10,10,10,15
"546","Loc6","trt A","201",106.606755924882,-6.9563524845438,"2023-08-26","2023-08-31","2023-08-31",2,"2023-09-20",5,10,20,20,25
"547","Loc6","trt A","201",106.606755924882,-6.9563524845438,"2023-08-26","2023-08-31","2023-08-31",3,"2023-09-30",1,10,30,30,35
"548","Loc6","trt A","201",106.606755924882,-6.9563524845438,"2023-08-26","2023-08-31","2023-08-31",4,"2023-10-10",0,10,40,40,45
"549","Loc6","trt A","201",106.606755924882,-6.9563524845438,"2023-08-26","2023-08-31","2023-08-31",5,"2023-10-20",0,10,50,50,55
"550","Loc6","trt A","201",106.606755924882,-6.9563524845438,"2023-08-26","2023-08-31","2023-08-31",6,"2023-10-30",0,10,60,60,65
"551","Loc6","trt A","201",106.606755924882,-6.9563524845438,"2023-08-26","2023-08-31","2023-08-31",7,"2023-11-09",2,10,70,70,75
"552","Loc6","trt A","201",106.606755924882,-6.9563524845438,"2023-08-26","2023-08-31","2023-08-31",8,"2023-11-19",6,10,80,80,85
"553","Loc6","trt A","202",106.605821924882,-6.9566354845438,"2023-08-26","2023-08-31","2023-08-31",1,"2023-09-10",0,10,10,10,15
"554","Loc6","trt A","202",106.605821924882,-6.9566354845438,"2023-08-26","2023-08-31","2023-08-31",2,"2023-09-20",0,10,20,20,25
"555","Loc6","trt A","202",106.605821924882,-6.9566354845438,"2023-08-26","2023-08-31","2023-08-31",3,"2023-09-30",3,10,30,30,35
"556","Loc6","trt A","202",106.605821924882,-6.9566354845438,"2023-08-26","2023-08-31","2023-08-31",4,"2023-10-10",1,10,40,40,45
"557","Loc6","trt A","202",106.605821924882,-6.9566354845438,"2023-08-26","2023-08-31","2023-08-31",5,"2023-10-20",2,10,50,50,55
"558","Loc6","trt A","202",106.605821924882,-6.9566354845438,"2023-08-26","2023-08-31","2023-08-31",6,"2023-10-30",3,10,60,60,65
"559","Loc6","trt A","202",106.605821924882,-6.9566354845438,"2023-08-26","2023-08-31","2023-08-31",7,"2023-11-09",0,10,70,70,75
"560","Loc6","trt A","202",106.605821924882,-6.9566354845438,"2023-08-26","2023-08-31","2023-08-31",8,"2023-11-19",0,10,80,80,85
"561","Loc6","trt A","203",106.605488924882,-6.9557184845438,"2023-08-26","2023-08-31","2023-08-31",1,"2023-09-10",1,10,10,10,15
"562","Loc6","trt A","203",106.605488924882,-6.9557184845438,"2023-08-26","2023-08-31","2023-08-31",2,"2023-09-20",0,10,20,20,25
"563","Loc6","trt A","203",106.605488924882,-6.9557184845438,"2023-08-26","2023-08-31","2023-08-31",3,"2023-09-30",1,10,30,30,35
"564","Loc6","trt A","203",106.605488924882,-6.9557184845438,"2023-08-26","2023-08-31","2023-08-31",4,"2023-10-10",1,10,40,40,45
"565","Loc6","trt A","203",106.605488924882,-6.9557184845438,"2023-08-26","2023-08-31","2023-08-31",5,"2023-10-20",3,10,50,50,55
"566","Loc6","trt A","203",106.605488924882,-6.9557184845438,"2023-08-26","2023-08-31","2023-08-31",6,"2023-10-30",1,10,60,60,65
"567","Loc6","trt A","203",106.605488924882,-6.9557184845438,"2023-08-26","2023-08-31","2023-08-31",7,"2023-11-09",1,10,70,70,75
"568","Loc6","trt A","203",106.605488924882,-6.9557184845438,"2023-08-26","2023-08-31","2023-08-31",8,"2023-11-19",8,10,80,80,85
"569","Loc6","trt A","204",106.606455924882,-6.9554354845438,"2023-08-26","2023-08-31","2023-08-31",1,"2023-09-10",1,10,10,10,15
"570","Loc6","trt A","204",106.606455924882,-6.9554354845438,"2023-08-26","2023-08-31","2023-08-31",2,"2023-09-20",1,10,20,20,25
"571","Loc6","trt A","204",106.606455924882,-6.9554354845438,"2023-08-26","2023-08-31","2023-08-31",3,"2023-09-30",3,10,30,30,35
"572","Loc6","trt A","204",106.606455924882,-6.9554354845438,"2023-08-26","2023-08-31","2023-08-31",4,"2023-10-10",2,10,40,40,45
"573","Loc6","trt A","204",106.606455924882,-6.9554354845438,"2023-08-26","2023-08-31","2023-08-31",5,"2023-10-20",2,10,50,50,55
"574","Loc6","trt A","204",106.606455924882,-6.9554354845438,"2023-08-26","2023-08-31","2023-08-31",6,"2023-10-30",2,10,60,60,65
"575","Loc6","trt A","204",106.606455924882,-6.9554354845438,"2023-08-26","2023-08-31","2023-08-31",7,"2023-11-09",0,10,70,70,75
"576","Loc6","trt A","204",106.606455924882,-6.9554354845438,"2023-08-26","2023-08-31","2023-08-31",8,"2023-11-19",5,10,80,80,85
"577","Loc6","CGP","101",106.606544924882,-6.9422844845438,"2023-08-27","2023-08-31",NA,1,"2023-09-10",2,10,10,NA,14
"578","Loc6","CGP","101",106.606544924882,-6.9422844845438,"2023-08-27","2023-08-31",NA,2,"2023-09-20",9,10,20,NA,24
"579","Loc6","CGP","101",106.606544924882,-6.9422844845438,"2023-08-27","2023-08-31",NA,3,"2023-09-30",4,10,30,NA,34
"580","Loc6","CGP","101",106.606544924882,-6.9422844845438,"2023-08-27","2023-08-31",NA,4,"2023-10-10",10,10,40,NA,44
"581","Loc6","CGP","101",106.606544924882,-6.9422844845438,"2023-08-27","2023-08-31",NA,5,"2023-10-20",11,10,50,NA,54
"582","Loc6","CGP","101",106.606544924882,-6.9422844845438,"2023-08-27","2023-08-31",NA,6,"2023-10-30",3,10,60,NA,64
"583","Loc6","CGP","101",106.606544924882,-6.9422844845438,"2023-08-27","2023-08-31",NA,7,"2023-11-09",6,10,70,NA,74
"584","Loc6","CGP","101",106.606544924882,-6.9422844845438,"2023-08-27","2023-08-31",NA,8,"2023-11-19",9,10,80,NA,84
"585","Loc6","CGP","102",106.605462924882,-6.9425384845438,"2023-08-27","2023-08-31",NA,1,"2023-09-10",13,10,10,NA,14
"586","Loc6","CGP","102",106.605462924882,-6.9425384845438,"2023-08-27","2023-08-31",NA,2,"2023-09-20",7,10,20,NA,24
"587","Loc6","CGP","102",106.605462924882,-6.9425384845438,"2023-08-27","2023-08-31",NA,3,"2023-09-30",5,10,30,NA,34
"588","Loc6","CGP","102",106.605462924882,-6.9425384845438,"2023-08-27","2023-08-31",NA,4,"2023-10-10",3,10,40,NA,44
"589","Loc6","CGP","102",106.605462924882,-6.9425384845438,"2023-08-27","2023-08-31",NA,5,"2023-10-20",15,10,50,NA,54
"590","Loc6","CGP","102",106.605462924882,-6.9425384845438,"2023-08-27","2023-08-31",NA,6,"2023-10-30",4,10,60,NA,64
"591","Loc6","CGP","102",106.605462924882,-6.9425384845438,"2023-08-27","2023-08-31",NA,7,"2023-11-09",10,10,70,NA,74
"592","Loc6","CGP","102",106.605462924882,-6.9425384845438,"2023-08-27","2023-08-31",NA,8,"2023-11-19",7,10,80,NA,84
"593","Loc6","CGP","103",106.605333924882,-6.9416754845438,"2023-08-27","2023-08-31",NA,1,"2023-09-10",3,10,10,NA,14
"594","Loc6","CGP","103",106.605333924882,-6.9416754845438,"2023-08-27","2023-08-31",NA,2,"2023-09-20",8,10,20,NA,24
"595","Loc6","CGP","103",106.605333924882,-6.9416754845438,"2023-08-27","2023-08-31",NA,3,"2023-09-30",7,10,30,NA,34
"596","Loc6","CGP","103",106.605333924882,-6.9416754845438,"2023-08-27","2023-08-31",NA,4,"2023-10-10",4,10,40,NA,44
"597","Loc6","CGP","103",106.605333924882,-6.9416754845438,"2023-08-27","2023-08-31",NA,5,"2023-10-20",13,10,50,NA,54
"598","Loc6","CGP","103",106.605333924882,-6.9416754845438,"2023-08-27","2023-08-31",NA,6,"2023-10-30",7,10,60,NA,64
"599","Loc6","CGP","103",106.605333924882,-6.9416754845438,"2023-08-27","2023-08-31",NA,7,"2023-11-09",7,10,70,NA,74
"600","Loc6","CGP","103",106.605333924882,-6.9416754845438,"2023-08-27","2023-08-31",NA,8,"2023-11-19",10,10,80,NA,84
"601","Loc6","CGP","104",106.606418924882,-6.9414464845438,"2023-08-27","2023-08-31",NA,1,"2023-09-10",6,10,10,NA,14
"602","Loc6","CGP","104",106.606418924882,-6.9414464845438,"2023-08-27","2023-08-31",NA,2,"2023-09-20",7,10,20,NA,24
"603","Loc6","CGP","104",106.606418924882,-6.9414464845438,"2023-08-27","2023-08-31",NA,3,"2023-09-30",10,10,30,NA,34
"604","Loc6","CGP","104",106.606418924882,-6.9414464845438,"2023-08-27","2023-08-31",NA,4,"2023-10-10",9,10,40,NA,44
"605","Loc6","CGP","104",106.606418924882,-6.9414464845438,"2023-08-27","2023-08-31",NA,5,"2023-10-20",9,10,50,NA,54
"606","Loc6","CGP","104",106.606418924882,-6.9414464845438,"2023-08-27","2023-08-31",NA,6,"2023-10-30",5,10,60,NA,64
"607","Loc6","CGP","104",106.606418924882,-6.9414464845438,"2023-08-27","2023-08-31",NA,7,"2023-11-09",9,10,70,NA,74
"608","Loc6","CGP","104",106.606418924882,-6.9414464845438,"2023-08-27","2023-08-31",NA,8,"2023-11-19",7,10,80,NA,84
"609","Loc8","trt A","201",110.830895497591,-7.386223941135,"2023-08-24","2023-08-27","2023-08-27",1,"2023-09-06",0,10,10,10,13
"610","Loc8","trt A","201",110.830895497591,-7.386223941135,"2023-08-24","2023-08-27","2023-08-27",2,"2023-09-16",3,10,20,20,23
"611","Loc8","trt A","201",110.830895497591,-7.386223941135,"2023-08-24","2023-08-27","2023-08-27",3,"2023-09-26",2,10,30,30,33
"612","Loc8","trt A","201",110.830895497591,-7.386223941135,"2023-08-24","2023-08-27","2023-08-27",4,"2023-10-06",3,10,40,40,43
"613","Loc8","trt A","201",110.830895497591,-7.386223941135,"2023-08-24","2023-08-27","2023-08-27",5,"2023-10-16",4,10,50,50,53
"614","Loc8","trt A","201",110.830895497591,-7.386223941135,"2023-08-24","2023-08-27","2023-08-27",6,"2023-10-27",4,11,61,61,64
"615","Loc8","trt A","201",110.830895497591,-7.386223941135,"2023-08-24","2023-08-27","2023-08-27",7,"2023-11-07",3,11,72,72,75
"616","Loc8","trt A","201",110.830895497591,-7.386223941135,"2023-08-24","2023-08-27","2023-08-27",8,"2023-11-15",3,8,80,80,83
"617","Loc8","trt A","202",110.829899497591,-7.386105941135,"2023-08-24","2023-08-27","2023-08-27",1,"2023-09-06",0,10,10,10,13
"618","Loc8","trt A","202",110.829899497591,-7.386105941135,"2023-08-24","2023-08-27","2023-08-27",2,"2023-09-16",3,10,20,20,23
"619","Loc8","trt A","202",110.829899497591,-7.386105941135,"2023-08-24","2023-08-27","2023-08-27",3,"2023-09-26",5,10,30,30,33
"620","Loc8","trt A","202",110.829899497591,-7.386105941135,"2023-08-24","2023-08-27","2023-08-27",4,"2023-10-06",3,10,40,40,43
"621","Loc8","trt A","202",110.829899497591,-7.386105941135,"2023-08-24","2023-08-27","2023-08-27",5,"2023-10-16",5,10,50,50,53
"622","Loc8","trt A","202",110.829899497591,-7.386105941135,"2023-08-24","2023-08-27","2023-08-27",6,"2023-10-27",2,11,61,61,64
"623","Loc8","trt A","202",110.829899497591,-7.386105941135,"2023-08-24","2023-08-27","2023-08-27",7,"2023-11-07",0,11,72,72,75
"624","Loc8","trt A","202",110.829899497591,-7.386105941135,"2023-08-24","2023-08-27","2023-08-27",8,"2023-11-15",10,8,80,80,83
"625","Loc8","trt A","203",110.829694497591,-7.385158941135,"2023-08-24","2023-08-27","2023-08-27",1,"2023-09-06",0,10,10,10,13
"626","Loc8","trt A","203",110.829694497591,-7.385158941135,"2023-08-24","2023-08-27","2023-08-27",2,"2023-09-16",5,10,20,20,23
"627","Loc8","trt A","203",110.829694497591,-7.385158941135,"2023-08-24","2023-08-27","2023-08-27",3,"2023-09-26",2,10,30,30,33
"628","Loc8","trt A","203",110.829694497591,-7.385158941135,"2023-08-24","2023-08-27","2023-08-27",4,"2023-10-06",2,10,40,40,43
"629","Loc8","trt A","203",110.829694497591,-7.385158941135,"2023-08-24","2023-08-27","2023-08-27",5,"2023-10-16",3,10,50,50,53
"630","Loc8","trt A","203",110.829694497591,-7.385158941135,"2023-08-24","2023-08-27","2023-08-27",6,"2023-10-27",3,11,61,61,64
"631","Loc8","trt A","203",110.829694497591,-7.385158941135,"2023-08-24","2023-08-27","2023-08-27",7,"2023-11-07",1,11,72,72,75
"632","Loc8","trt A","203",110.829694497591,-7.385158941135,"2023-08-24","2023-08-27","2023-08-27",8,"2023-11-15",3,8,80,80,83
"633","Loc8","trt A","204",110.830678497591,-7.385307941135,"2023-08-24","2023-08-27","2023-08-27",1,"2023-09-06",0,10,10,10,13
"634","Loc8","trt A","204",110.830678497591,-7.385307941135,"2023-08-24","2023-08-27","2023-08-27",2,"2023-09-16",3,10,20,20,23
"635","Loc8","trt A","204",110.830678497591,-7.385307941135,"2023-08-24","2023-08-27","2023-08-27",3,"2023-09-26",4,10,30,30,33
"636","Loc8","trt A","204",110.830678497591,-7.385307941135,"2023-08-24","2023-08-27","2023-08-27",4,"2023-10-06",1,10,40,40,43
"637","Loc8","trt A","204",110.830678497591,-7.385307941135,"2023-08-24","2023-08-27","2023-08-27",5,"2023-10-16",5,10,50,50,53
"638","Loc8","trt A","204",110.830678497591,-7.385307941135,"2023-08-24","2023-08-27","2023-08-27",6,"2023-10-27",5,11,61,61,64
"639","Loc8","trt A","204",110.830678497591,-7.385307941135,"2023-08-24","2023-08-27","2023-08-27",7,"2023-11-07",4,11,72,72,75
"640","Loc8","trt A","204",110.830678497591,-7.385307941135,"2023-08-24","2023-08-27","2023-08-27",8,"2023-11-15",3,8,80,80,83
"641","Loc8","CGP","101",110.821395497591,-7.395288941135,"2023-08-26","2023-08-28",NA,1,"2023-09-07",4,10,10,NA,12
"642","Loc8","CGP","101",110.821395497591,-7.395288941135,"2023-08-26","2023-08-28",NA,2,"2023-09-17",9,10,20,NA,22
"643","Loc8","CGP","101",110.821395497591,-7.395288941135,"2023-08-26","2023-08-28",NA,3,"2023-09-27",7,10,30,NA,32
"644","Loc8","CGP","101",110.821395497591,-7.395288941135,"2023-08-26","2023-08-28",NA,4,"2023-10-06",5,9,39,NA,41
"645","Loc8","CGP","101",110.821395497591,-7.395288941135,"2023-08-26","2023-08-28",NA,5,"2023-10-17",2,11,50,NA,52
"646","Loc8","CGP","101",110.821395497591,-7.395288941135,"2023-08-26","2023-08-28",NA,6,"2023-10-28",9,11,61,NA,63
"647","Loc8","CGP","101",110.821395497591,-7.395288941135,"2023-08-26","2023-08-28",NA,7,"2023-11-09",7,12,73,NA,75
"648","Loc8","CGP","101",110.821395497591,-7.395288941135,"2023-08-26","2023-08-28",NA,8,"2023-11-16",14,7,80,NA,82
"649","Loc8","CGP","102",110.820431497591,-7.395269941135,"2023-08-26","2023-08-28",NA,1,"2023-09-07",5,10,10,NA,12
"650","Loc8","CGP","102",110.820431497591,-7.395269941135,"2023-08-26","2023-08-28",NA,2,"2023-09-17",4,10,20,NA,22
"651","Loc8","CGP","102",110.820431497591,-7.395269941135,"2023-08-26","2023-08-28",NA,3,"2023-09-27",4,10,30,NA,32
"652","Loc8","CGP","102",110.820431497591,-7.395269941135,"2023-08-26","2023-08-28",NA,4,"2023-10-06",7,9,39,NA,41
"653","Loc8","CGP","102",110.820431497591,-7.395269941135,"2023-08-26","2023-08-28",NA,5,"2023-10-17",5,11,50,NA,52
"654","Loc8","CGP","102",110.820431497591,-7.395269941135,"2023-08-26","2023-08-28",NA,6,"2023-10-28",9,11,61,NA,63
"655","Loc8","CGP","102",110.820431497591,-7.395269941135,"2023-08-26","2023-08-28",NA,7,"2023-11-09",6,12,73,NA,75
"656","Loc8","CGP","102",110.820431497591,-7.395269941135,"2023-08-26","2023-08-28",NA,8,"2023-11-16",18,7,80,NA,82
"657","Loc8","CGP","103",110.820221497591,-7.394350941135,"2023-08-26","2023-08-28",NA,1,"2023-09-07",4,10,10,NA,12
"658","Loc8","CGP","103",110.820221497591,-7.394350941135,"2023-08-26","2023-08-28",NA,2,"2023-09-17",6,10,20,NA,22
"659","Loc8","CGP","103",110.820221497591,-7.394350941135,"2023-08-26","2023-08-28",NA,3,"2023-09-27",6,10,30,NA,32
"660","Loc8","CGP","103",110.820221497591,-7.394350941135,"2023-08-26","2023-08-28",NA,4,"2023-10-06",10,9,39,NA,41
"661","Loc8","CGP","103",110.820221497591,-7.394350941135,"2023-08-26","2023-08-28",NA,5,"2023-10-17",4,11,50,NA,52
"662","Loc8","CGP","103",110.820221497591,-7.394350941135,"2023-08-26","2023-08-28",NA,6,"2023-10-28",10,11,61,NA,63
"663","Loc8","CGP","103",110.820221497591,-7.394350941135,"2023-08-26","2023-08-28",NA,7,"2023-11-09",7,12,73,NA,75
"664","Loc8","CGP","103",110.820221497591,-7.394350941135,"2023-08-26","2023-08-28",NA,8,"2023-11-16",10,7,80,NA,82
"665","Loc8","CGP","104",110.821229497591,-7.394386941135,"2023-08-26","2023-08-28",NA,1,"2023-09-07",6,10,10,NA,12
"666","Loc8","CGP","104",110.821229497591,-7.394386941135,"2023-08-26","2023-08-28",NA,2,"2023-09-17",7,10,20,NA,22
"667","Loc8","CGP","104",110.821229497591,-7.394386941135,"2023-08-26","2023-08-28",NA,3,"2023-09-27",3,10,30,NA,32
"668","Loc8","CGP","104",110.821229497591,-7.394386941135,"2023-08-26","2023-08-28",NA,4,"2023-10-06",8,9,39,NA,41
"669","Loc8","CGP","104",110.821229497591,-7.394386941135,"2023-08-26","2023-08-28",NA,5,"2023-10-17",11,11,50,NA,52
"670","Loc8","CGP","104",110.821229497591,-7.394386941135,"2023-08-26","2023-08-28",NA,6,"2023-10-28",12,11,61,NA,63
"671","Loc8","CGP","104",110.821229497591,-7.394386941135,"2023-08-26","2023-08-28",NA,7,"2023-11-09",6,12,73,NA,75
"672","Loc8","CGP","104",110.821229497591,-7.394386941135,"2023-08-26","2023-08-28",NA,8,"2023-11-16",16,7,80,NA,82
